Date,open,high,low,close,volume
2016-10-03,292.07727201860416,294.10654200436403,291.0284442898822,293.49090576171875,3900548
2016-10-04,293.8101098310595,295.2693616637798,292.3736809875785,294.0267333984375,2775512
2016-10-05,295.9533732875298,296.4207992244233,291.0284228733646,293.2400817871094,3647020
2016-10-06,293.4680965463636,295.40615797745676,291.6326550672528,292.2938537597656,2895712
2016-10-07,292.7612836161639,293.61631072952883,290.99422758187626,291.9860534667969,3337464
2016-10-10,292.9892747111956,293.65050120903294,291.5642296007326,292.841064453125,4719312
2016-10-13,291.6211934653255,291.6211934653255,286.4796202425271,287.91607666015625,4519356
2016-10-14,288.6001413197447,289.1131575693749,285.9210564605648,287.69952392578125,4067116
2016-10-17,288.54310953890223,288.7483215840184,281.07587379224157,282.2044982910156,5135360
2016-10-18,283.4585173442978,287.2890491325618,282.50089831368575,286.798828125,2610968
2016-10-19,287.5398615689968,287.97308079631733,284.55297294838005,286.912841796875,3044904
2016-10-20,287.3460651733447,288.9877058308956,285.23699863666275,286.2630310058594,3200356
2016-10-21,286.37706480591805,290.24177600432984,285.0090215027051,289.728759765625,3956408
2016-10-24,289.9681893779462,291.1310206628104,287.5285231953309,288.0985412597656,3255664
2016-10-25,289.1131704909115,289.1131704909115,283.6524084117291,285.07745361328125,5501796
2016-10-26,283.49274840378104,288.4291098825828,281.6003053311751,282.5693359375,5366540
2016-10-27,282.5009043888475,286.60503375042884,279.11500323212465,285.48779296875,11623860
2016-10-28,286.03503534420423,287.72229420815347,282.7517260638266,287.0724792480469,5320536
2016-11-01,286.37706120821116,288.1669122741801,284.3364077730531,287.2434997558594,3402416
2016-11-02,285.2598196436036,286.30864726059315,283.07095595751406,284.1311950683594,6474432
2016-11-03,283.8690039686593,287.2891124502094,280.84790814329,286.1376647949219,6315812
2016-11-04,285.6474895276919,285.6474895276919,283.1279983208829,283.5726013183594,5734920
2016-11-07,285.4650354931574,286.11485049459054,282.7289488909866,284.88360595703125,5671392
2016-11-08,285.2598011812209,286.8330564213381,282.7517219915272,285.98944091796875,5348164
2016-11-09,273.6086667239011,286.69628684877694,272.5484275737634,285.2940368652344,13645468
2016-11-10,288.14415836936104,292.53329787370143,285.9438828694332,291.5186767578125,10700736
2016-11-11,290.4811774627479,292.3052350920273,288.56591138542234,290.8916015625,7139320
2016-11-15,291.27920493919976,293.9012878016662,285.15721703993654,286.092041015625,12512524
2016-11-16,289.11314020452795,289.11314020452795,282.7403498639412,283.72076416015625,8647744
2016-11-17,282.3413263837773,284.7581971328349,279.3430261426047,280.49444580078125,4815624
2016-11-18,281.8169498565518,281.8169498565518,275.7063446650074,276.2079772949219,6879900
2016-11-21,278.0547863362102,278.0547863362102,270.9523563379979,273.3122253417969,5552520
2016-11-22,275.159156426024,275.159156426024,271.1804132717167,273.1640930175781,10017784
2016-11-23,274.2926621703715,274.2926621703715,269.2992989134062,270.13153076171875,3532692
2016-11-24,269.9605344742063,270.4849621861636,264.6935735320435,265.7424011230469,15285996
2016-11-25,266.54044850394337,272.0582122670957,264.0323690056171,271.16900634765625,5969960
2016-11-28,269.105491267971,273.35783101133546,268.61527023328813,270.0631103515625,4130180
2016-11-29,270.1201204852992,272.00117989768404,268.2504725661536,268.76348876953125,3932644
2016-11-30,270.1885260569141,274.06464837165464,269.29929242989175,273.5174255371094,6442840
2016-12-01,274.133106592099,275.4099415266973,272.0126281980434,272.9816589355469,4476984
2016-12-02,271.1005568976914,274.0532389620255,268.2960572448962,271.12335205078125,4062672
2016-12-05,270.7813347814964,273.3692108357892,268.25046052502023,272.7763977050781,4551936
2016-12-06,272.46864631381266,274.2584975451908,271.3742004506834,272.3432312011719,2702964
2016-12-07,274.0304453195384,274.95388560450067,266.0844000366955,269.4132995605469,5628192
2016-12-08,270.64456918389664,274.87411423312,270.64456918389664,273.4946594238281,4309696
2016-12-09,273.4034584165135,274.13309823755736,270.872583781101,273.2210693359375,4387952
2016-12-12,271.7845758029412,271.81878244869296,269.2992918166848,270.0631103515625,3425272
2016-12-13,269.1054676952302,271.4083345910269,268.71786663175504,270.4735107421875,2526868
2016-12-14,270.64457750608585,270.8725847322915,267.5436847962719,268.0680847167969,4314144
2016-12-15,265.4460200616819,272.35465062896924,265.30922128303484,268.2733154296875,4941488
2016-12-16,268.2733095782092,270.18857593623886,267.12188973071915,269.5729675292969,3255828
2016-12-19,268.3189066113093,268.93451496980896,266.88244999759337,268.3074951171875,3160436
2016-12-20,268.13647190053837,270.1885367365119,267.1560297901868,269.4817199707031,4189992
2016-12-21,269.96055184057207,270.18855906341037,267.90848683502713,269.04852294921875,2658876
2016-12-22,268.2277157674302,268.93453262657215,266.4036578945921,267.47528076171875,2805716
2016-12-23,266.99640133117094,271.15753226566613,266.60880026769587,270.4735107421875,4752516
2016-12-26,268.7178839203145,270.439321498744,266.79120647214825,267.908447265625,4183864
2016-12-27,268.88894096879096,270.6217903727421,267.6576963441971,270.2341613769531,4899296
2016-12-28,271.305813804228,272.45723363830587,269.2765438512975,270.58758544921875,6507840
2016-12-29,270.18854645265804,275.4213008393993,269.3791097161964,274.7942810058594,8100816
2016-12-30,273.6086746636792,276.344761410316,273.5972631690694,275.0223083496094,4066540
2017-01-02,275.7633324467935,275.91154271247666,271.79602892182163,272.94744873046875,3708656
2017-01-03,273.7911010982354,274.05328715423866,270.3595810510337,271.3058166503906,3847500
2017-01-04,271.2943770804457,271.784598155446,269.9149501402259,270.30255126953125,6967120
2017-01-05,271.10058956402725,272.354629297082,269.7553413747131,270.462158203125,6776384
2017-01-06,271.3514212877191,273.24389258632607,270.9182019483242,272.1608581542969,5525260
2017-01-09,273.34645312009116,274.55490253247336,271.818815862548,272.51422119140625,4573796
2017-01-10,272.74224776828663,277.4392191512963,272.53706351981225,276.8805847167969,5546116
2017-01-11,277.59872164486677,282.29566364780044,277.14270731772945,281.36083984375,9343404
2017-01-12,281.5888366699219,283.57248778698533,279.42276869553785,281.5888366699219,2916316
2017-01-13,282.50096794577206,282.66056187924215,280.1296871034538,281.0189208984375,3850412
2017-01-16,281.2468979279307,284.8836018510696,281.0873040116025,284.47320556640625,3765864
2017-01-17,284.3249936771816,285.5562381899202,281.8739161454818,282.3869323730469,3559612
2017-01-18,282.934115235747,286.3770180872527,282.9227037435836,283.32171630859375,4612888
2017-01-19,283.84620204171983,283.84620204171983,281.5889249311546,281.8853454589844,3512412
2017-01-20,281.81693155304623,283.86899658862666,280.4488881959926,281.896728515625,13942068
2017-01-23,281.8169166019447,285.00901759905406,281.77132629229357,283.7891845703125,4793848
2017-01-24,285.009051384998,289.9112070688199,284.83804595416694,289.0105895996094,10261864
2017-01-25,290.1619833112663,295.40614938402325,289.59196525987966,294.26611328125,15636984
2017-01-27,296.18140688418345,296.40941412581867,293.67332722619574,294.56256103515625,6852236
2017-01-30,294.8019632766694,294.8019632766694,291.974695637993,292.9779052734375,5319628
2017-01-31,292.3964478856686,294.74490541852225,291.1652034010241,293.365478515625,6101040
2017-02-01,293.2628741194281,298.6894570680275,291.9632441035185,297.7090148925781,10910664
2017-02-02,297.70902667131713,297.70902667131713,294.7221375490443,296.11297607421875,5971636
2017-02-03,296.18136551428375,300.05748808067545,295.61134748981436,298.9288635253906,8005104
2017-02-06,299.2138103503925,300.9694543677086,299.0199819960282,299.62420654296875,4310220
2017-02-07,300.05746993441363,300.51348432641123,297.0819648934655,298.03961181640625,3411920
2017-02-08,298.130851119758,300.6731093519561,295.98757768894546,297.6976318359375,4940960
2017-02-09,298.55261963409737,300.94669512493965,294.71070405585124,295.87353515625,4465376
2017-02-10,296.0331562364682,298.404436792654,295.9533592793619,297.2301940917969,3296736
2017-02-13,298.1308190684891,299.82946153871956,296.22693672318934,298.7350158691406,2795792
2017-02-14,299.60147305566176,299.60147305566176,297.3214009623919,298.94024658203125,2446060
2017-02-15,299.14543761497754,301.8815239346267,298.10799375228015,301.4710998535156,6126940
2017-02-16,301.6535111600246,303.93358305087895,301.02649139003967,302.770751953125,5043700
2017-02-17,329.47040352390087,331.52246832093556,310.1923836585944,313.9773254394531,402259960
2017-02-20,310.3634215696722,322.73281344752183,309.8960234611326,321.28497314453125,10566716
2017-02-21,320.58957706566264,324.1806909403021,318.61730895840486,322.7556457519531,6260028
2017-02-22,322.63020513203946,323.49664367121244,318.0358542414921,319.01629638671875,5296776
2017-02-23,320.0765606285038,324.07807081552227,316.2574395257492,317.9104919433594,34494980
2017-02-27,317.1352156762569,318.8338581596845,314.3307160217406,317.7508239746094,4681376
2017-02-28,317.5912511509625,318.35506974455507,315.67598500364295,316.95281982421875,2928008
2017-03-01,318.40066182037367,318.4120733142012,316.10920602688213,317.3062438964844,3481736
2017-03-02,317.96751188875317,318.2981112579682,313.79496820829416,314.67279052734375,4601988
2017-03-03,315.67599653522433,315.67599653522433,312.14188462023986,313.9659423828125,2492824
2017-03-06,313.92030559778857,316.9071941752268,313.07666230774777,314.8209228515625,3679124
2017-03-07,315.1629508123638,316.3599886070933,313.78349612527336,316.0635681152344,3112876
2017-03-08,316.4512262785185,319.0276911653729,314.88938238773613,317.431640625,3782144
2017-03-09,315.026130309671,318.9136360844093,315.026130309671,317.8876037597656,3509316
2017-03-10,318.07007887533143,321.03417280033455,317.6482710756637,319.23291015625,5860704
2017-03-14,324.2490374335458,324.7164633323033,320.7263372845554,321.6497497558594,7155020
2017-03-15,321.70674886596385,323.77022516656274,321.6155682519634,322.9949951171875,4271860
2017-03-16,323.3370515673369,324.4200859241426,322.32243051360047,323.1660461425781,4980108
2017-03-17,323.4396897813616,325.48034349885364,322.14003178007556,325.1041259765625,3390464
2017-03-20,325.2865050198969,328.2961891818524,325.12688326662027,327.441162109375,8142344
2017-03-21,326.9623276321722,329.4704068538974,326.9623276321722,328.5469665527344,5557280
2017-03-22,325.5259448055851,327.64642339706256,325.09275329011297,326.2555847167969,5636544
2017-03-23,327.0536101043332,327.19040888989895,324.43152668814236,326.2555847167969,4922472
2017-03-24,326.7343530213335,327.0649523640098,324.2262735494321,324.7620849609375,3810364
2017-03-27,324.682270759811,324.682270759811,320.1335380013617,321.4559631347656,5864084
2017-03-28,323.38260450939185,324.84182824010924,322.19695043704826,323.8157958984375,8061400
2017-03-29,323.95263964814353,327.1447404358756,323.77022275568055,325.7310791015625,8575772
2017-03-30,325.59430419003735,337.43926791868796,324.9216940365351,334.3041687011719,34321092
2017-03-31,331.47688525151716,331.52247555928267,327.54376097132626,328.91180419921875,9651392
2017-04-03,329.69841051365097,330.6332344651229,325.13826652314407,326.7799072265625,4149052
2017-04-05,327.2473776582476,329.8124590020242,325.49173311611725,326.5861511230469,5744080
2017-04-06,326.39238306495685,329.0144664776338,324.9217474144917,327.9884338378906,6124416
2017-04-07,326.2897670415311,329.4704568586617,325.73113261216037,328.0682067871094,4648360
2017-04-10,329.01440979092155,329.01440979092155,326.6545406926834,326.9965515136719,3393876
2017-04-11,326.96233000892784,328.6039707419172,326.3923119998467,328.21636962890625,4356260
2017-04-12,328.10235801515034,330.5990257007952,327.30433282192377,329.1739807128906,3565092
2017-04-13,329.0144120597972,330.35966019821115,327.65778026035235,328.3988037109375,4804236
2017-04-17,328.39879427451405,329.1968195060594,325.65129627274354,327.60076904296875,7137056
2017-04-18,328.3303787814763,331.7504868937834,327.87436436650205,329.9948425292969,3638860
2017-04-19,329.92643187044405,332.149502161209,327.8743669866611,330.3824462890625,4338144
2017-04-20,331.2944658314586,334.26997096262727,331.28305433814876,333.3807373046875,5781372
2017-04-21,334.25855052961435,341.7827880244829,331.36287026323794,341.2355651855469,17258032
2017-04-24,341.5776092665386,350.9031100915649,341.32680689218495,349.5464782714844,20206952
2017-04-25,350.00248167006754,352.3851459006439,348.7598256657858,350.45849609375,9057780
2017-04-26,351.80371498306454,354.0951985861524,334.81717776821046,353.55938720703125,7795852
2017-04-27,352.5219675277535,358.87196322284683,352.5219675277535,357.6521301269531,16180420
2017-04-28,355.66846143751326,355.66846143751326,350.4698857849194,352.6131591796875,5437728
2017-05-02,352.72716557737573,353.6163992924726,348.9308398382895,351.2679138183594,4007040
2017-05-03,354.3802330441788,354.3802330441788,350.9829197907,352.111572265625,2507964
2017-05-04,350.9600860045691,351.79231785922445,347.16376052116,349.9454650878906,5131028
2017-05-05,351.6099075258376,351.79232442417543,348.0074103634091,349.3526306152344,2757896
2017-05-08,350.67507700180437,351.131091406228,348.52042007406664,349.9454650878906,3747252
2017-05-09,349.9455136360145,352.4079750617746,349.45529251666835,350.162109375,3345836
2017-05-10,351.1310980679727,354.55120616603733,350.458487941851,353.82159423828125,2342244
2017-05-11,353.63922077872866,355.6912858896304,351.3591484332823,352.59039306640625,3875744
2017-05-12,352.4763426087949,354.9844218554889,350.2646560278728,353.7873840332031,6147604
2017-05-15,353.4112017466097,355.05284264736406,351.64414573787667,354.1864318847656,2804780
2017-05-16,354.55121110356527,356.1472615715556,353.01216243800314,355.6114501953125,3590376
2017-05-17,355.4176908949564,356.92253308718017,353.753226937656,355.0414733886719,3472472
2017-05-18,353.18317641994446,356.03326661055087,352.9779643596384,355.030029296875,3107280
2017-05-19,355.57727518929204,357.94855594790346,352.32817216175283,355.9762878417969,2854136
2017-05-22,356.8540410584685,360.2513536947028,356.3980266867031,359.3393249511719,2860052
2017-05-23,360.25142820556323,361.06086501602624,356.83131970994083,357.7661437988281,3080172
2017-05-24,357.75477446985906,359.21399855345504,356.14731227935016,357.2303466796875,3467388
2017-05-25,357.31015002050657,371.5150125945993,357.31015002050657,368.721923828125,20090804
2017-05-26,366.3277817230745,372.10775880708024,365.06233060131996,370.7397155761719,5443156
2017-05-29,369.3260793418859,375.75587134706336,368.83585828780605,372.0849609375,5916340
2017-05-30,371.65177639444,372.4498016811765,368.4938818977938,371.4351806640625,4434184
2017-05-31,370.5116991513569,374.61582874195653,370.089891398905,373.06536865234375,5318912
2017-06-01,373.7037999725818,373.8976005255707,369.49707827505995,371.33251953125,3359540
2017-06-02,372.5638172837669,375.3226992258338,370.78534974006675,372.6208190917969,3213544
2017-06-05,372.4953702030461,373.6924080631276,370.5117185966471,372.9172058105469,2899900
2017-06-06,372.791795965345,374.79827058749754,371.6517598920565,373.6924133300781,5002632
2017-06-07,374.0230493578923,375.0490818481757,371.73156566309433,374.1142578125,2554276
2017-06-08,374.8210309950581,378.35514249462705,374.3080148096368,375.01483154296875,4248768
2017-06-09,373.95464040498734,380.77206193068827,373.95464040498734,380.0424499511719,5305272
2017-06-12,379.4040566479401,382.1401435949204,378.49202766561325,380.4870910644531,3971412
2017-06-13,378.8909859185589,385.76540895193506,378.71998050893717,382.2996826171875,5051620
2017-06-14,381.91203169065784,383.04065611383413,380.0879742258666,381.04559326171875,3858360
2017-06-15,380.31602705078456,382.04887628371426,377.03271765354805,379.4837951660156,3526692
2017-06-16,379.6319825973842,381.84364127274563,378.05872737319146,380.60101318359375,3755104
2017-06-19,381.00001465579226,386.7001944082727,380.40720152811605,385.9933776855469,3825532
2017-06-20,385.3322070482675,386.2442359406894,383.0179281671642,384.54559326171875,3660264
2017-06-21,383.64494622545163,387.897286482942,382.9609245593539,387.31585693359375,3410932
2017-06-22,386.4608168630072,391.26037985865725,385.60578980912027,387.15625,6675460
2017-06-23,388.0682557853139,388.23926118592436,381.9576516703364,382.7442932128906,5217468
2017-06-27,385.1041541237132,386.47219729999637,377.63691845316754,380.2362060546875,6000432
2017-06-28,379.6320166350244,381.9120888070065,377.99037580436215,379.9626159667969,4449036
2017-06-29,382.6136024404813,386.03348967354407,378.96419295040573,381.7070007324219,9187708
2017-06-30,379.5839454710192,381.00697235338964,377.10509372085494,379.1822814941406,4330432
2017-07-03,379.30847437519765,382.7283615905822,378.0805359100969,380.68560791015625,3504332
2017-07-04,381.06426923878286,382.54467636417746,379.17071090647147,379.4805603027344,3766080
2017-07-05,379.4232514563318,380.89219955895504,377.56412670953966,378.4248352050781,4014200
2017-07-06,379.2970478033894,381.69554437660514,379.021604261917,380.5823669433594,4571676
2017-07-07,381.2020545773804,383.21037442961466,380.5479217147951,382.6595153808594,5517396
2017-07-10,382.8431686099538,401.2049512770979,381.24799994788845,384.7596740722656,1309252
2017-07-11,385.03510661670595,388.07627678401946,382.6365820136583,385.6892395019531,4410280
2017-07-12,385.59737453531596,386.74498576905205,380.6741335497292,385.88427734375,5738892
2017-07-13,387.4335637482469,388.65004289843665,385.5170585358828,386.4122009277344,4481004
2017-07-14,386.4925673035963,386.98604580202766,383.7612466075431,385.5859375,2443252
2017-07-17,386.1827010492098,387.353259005827,384.9088412618632,386.13677978515625,2399340
2017-07-18,385.52851783784115,387.3991298066655,384.9891461459092,386.4122009277344,2322188
2017-07-19,386.745008519603,389.31564662725043,386.0220077962478,388.4205322265625,3987244
2017-07-20,388.78772763593787,393.6306412925854,387.46797475696854,392.6896057128906,3698476
2017-07-21,393.42411318111465,393.6880693923529,390.1878548124179,390.8879089355469,3873508
2017-07-24,392.4830762957404,399.3687443009288,389.0402422931462,398.24407958984375,19678176
2017-07-25,403.7296719409078,403.7296719409078,397.77358025614166,399.2884216308594,11160468
2017-07-26,399.8277638267301,402.81155310901914,397.64730242813425,401.10162353515625,3895344
2017-07-27,403.04109656128895,412.8646606914508,402.01973369115416,410.7645263671875,17961712
2017-07-28,406.71339723224014,410.0414696136552,404.21159928677866,408.2052917480469,9255396
2017-07-31,407.98725706501705,411.0743198961814,405.4625124983738,409.5594787597656,7369140
2017-08-01,408.97421456293193,415.2401831798132,406.7593192522554,412.49737548828125,8516860
2017-08-02,414.74673294226415,414.74673294226415,409.02016363645106,411.22357177734375,7397916
2017-08-03,410.38578176917775,411.3038707664242,407.2642847821102,408.5381164550781,4256784
2017-08-04,407.86105176640393,412.39411635412847,405.3707408749463,410.9022216796875,3545068
2017-08-07,409.9267309918602,412.32522725328874,409.6972087460641,410.51202392578125,1918660
2017-08-08,411.32683180040937,412.50887702935285,405.35925310920715,408.067626953125,4035372
2017-08-09,406.483911755708,407.87253259928184,403.58044963959657,404.98052978515625,3270056
2017-08-10,403.95922617772254,405.3363599033284,402.31813621780407,404.0625,7788444
2017-08-11,400.5163769318697,403.50016655944233,397.3374989706808,401.4459533691406,6359836
2017-08-14,402.3525459774802,407.39054868032406,401.20493460846285,403.3165283203125,3577084
2017-08-16,404.49854110438577,410.7989438243289,401.33115079133137,408.8365173339844,4426832
2017-08-17,407.68888864140393,408.7676319883036,402.5246381167415,405.1985778808594,5454868
2017-08-18,403.9591843530963,404.1887066169333,400.0573058678675,402.1574401855469,3707464
2017-08-21,402.58206217603083,403.7296735277299,398.9555990975197,400.10321044921875,4009724
2017-08-22,401.96232920044497,402.58202807072166,398.6342565624601,400.9753723144531,6609556
2017-08-23,401.66394798590346,408.07908383373695,401.66394798590346,406.81671142578125,3360524
2017-08-24,407.37900970894185,407.3904690096776,403.7640346034939,404.5329284667969,7878276
2017-08-28,404.51001987864504,406.5183395704896,403.580443556993,404.4755859375,1507784
2017-08-29,403.72965942232986,403.72965942232986,398.90969191359255,400.7803039550781,4918596
2017-08-30,402.1114782159404,406.25436586595134,401.67540837307746,405.92156982421875,2694320
2017-08-31,406.71340896843867,408.51515294748816,403.13286763075183,407.7347717285156,7303436
2017-09-01,408.77915621761304,408.88243003029027,404.2116575153725,405.70355224609375,2295172
2017-09-04,405.1067412804506,405.1067412804506,400.76876547280085,401.8704833984375,3642524
2017-09-05,403.27062408330784,405.08385560051465,401.8934904780148,402.89190673828125,3682436
2017-09-06,400.22945851336544,404.60186896620195,398.9097054602031,403.9362487792969,5751632
2017-09-07,403.9821195610105,407.80367074948566,403.9821195610105,405.4625549316406,6946420
2017-09-08,407.0347584198121,410.8448221163147,406.48389942345995,410.3054504394531,8311664
2017-09-11,411.5333649430072,419.796165354579,410.89069148163355,418.4993591308594,11477676
2017-09-12,419.497790946823,422.2979791129416,417.34030428398717,421.2192077636719,6687680
2017-09-13,421.17335305152585,424.38666473693263,418.64860815584916,422.7455749511719,4995376
2017-09-14,422.3553997546616,425.1899941118363,420.3700265672487,422.1832580566406,8154016
2017-09-15,421.4029112675995,425.02937454338496,420.8176182392518,424.3752136230469,3767332
2017-09-18,425.43099776963055,427.9327679984004,425.1899881886168,427.0146789550781,4084928
2017-09-19,428.03602655113207,428.7475398842005,424.0538213319021,424.5472717285156,4241468
2017-09-20,424.1571455651109,427.2442088210918,423.52595933659137,424.35223388671875,3446128
2017-09-21,424.1571029211849,424.2718640421051,420.18635693020406,422.1143493652344,7712496
2017-09-22,421.12744424329924,422.07993918627625,417.7305036656897,418.6715393066406,8243524
2017-09-25,418.2928160208226,418.2928160208226,411.4415824174165,413.0826721191406,10149228
2017-09-26,410.62682484566403,412.3597011586596,409.6972484529565,411.3727722167969,11438732
2017-09-27,412.2219607275102,414.42536872248314,406.25438223145494,407.74627685546875,7337220
2017-09-28,407.172474644556,412.91053093887047,404.7165977577306,412.0613098144531,27646464
2017-09-29,413.16301468760247,418.18955778596614,412.27935959003383,414.4483337402344,6213632
2017-10-03,414.9762983767351,417.9600881327625,412.47449982387906,415.17138671875,4394424
2017-10-04,414.9532751417493,415.8713641279503,411.61371524730237,412.45147705078125,6625104
2017-10-05,411.9924815213059,414.2877042595861,411.5563835974615,412.8187561035156,3336196
2017-10-06,412.68103374792213,414.1614411546146,411.76294468507916,413.16302490234375,3030660
2017-10-09,412.8646734731588,413.828655806998,410.95962741122014,412.10723876953125,3062492
2017-10-10,412.9105749276903,416.571444026327,411.45311407723653,413.7597961425781,3798180
2017-10-11,413.88600841300826,416.64027548687824,410.2939795005987,410.8792724609375,5267440
2017-10-12,412.015414127214,418.06332023324484,410.3858116420497,417.4551086425781,5381560
2017-10-13,419.26832599678545,426.11958827833735,418.1895825179593,424.7998352050781,6433464
2017-10-16,426.91139600939226,429.9525659003194,422.7799954028498,426.25726318359375,3274544
2017-10-17,424.6162038490146,425.46542504957046,422.11440547681957,424.9031066894531,2613288
2017-10-18,422.5505032354349,430.35426049236315,422.09145869090975,428.86236572265625,3926720
2017-10-19,427.32453563385013,428.05899562563775,422.47013444986015,424.2489318847656,570008
2017-10-23,426.8884724439213,429.13777386270203,421.41437194816314,427.6688537597656,4162892
2017-10-24,427.599949490964,431.41001321726463,425.3047270030898,428.5409851074219,11328872
2017-10-25,426.9113803248168,427.59994706727616,409.69721176333223,412.015380859375,21367208
2017-10-26,405.79538626090743,415.43532190737693,403.46572954277275,412.07281494140625,28571464
2017-10-27,414.14996244736636,414.8614758341613,408.32009156789655,411.0858459472656,7472088
2017-10-30,412.73835780036023,416.8123774588929,411.3956583333717,416.5828552246094,5422352
2017-10-31,415.77957019167843,415.77957019167843,412.967922532364,415.09100341796875,4682460
2017-11-01,416.6058706708713,418.87814676924546,415.8943572306152,418.0059509277344,4190612
2017-11-02,418.4190695288954,419.9798320650529,417.03044868343824,418.2124938964844,4737944
2017-11-03,419.0387596023904,422.32093897657774,418.0977239832414,420.1863708496094,3810488
2017-11-06,418.8781017331835,422.32093544605897,418.32724273555294,419.7043762207031,6148244
2017-11-07,421.8618912632407,423.4570596775793,417.90263249050355,418.5797119140625,7446376
2017-11-08,418.9240191930768,420.8520117873127,417.500992383299,419.0961608886719,3283144
2017-11-09,419.3371992661556,421.17337747859636,417.98301223090937,419.53228759765625,3113308
2017-11-10,418.1206767947406,421.1274407212505,415.9746493342405,418.1895446777344,7744360
2017-11-13,418.1895433760694,418.45349956958654,411.9924425686304,416.2500915527344,3335872
2017-11-14,416.7894812169719,417.5009946256823,413.14007164718424,413.679443359375,4712468
2017-11-15,412.6810236452619,413.97783001835205,410.38580104434277,413.19744873046875,6148368
2017-11-16,414.0581275384609,416.8123944622201,412.03832058723003,414.9073486328125,4012972
2017-11-17,419.727367273204,421.9308034969767,416.1583127570898,419.00439453125,6358772
2017-11-20,419.79622795002695,422.2521050091864,419.79622795002695,421.8963623046875,2392424
2017-11-21,421.7356252263104,424.616140521856,421.4257758084188,423.75543212890625,2275532
2017-11-22,424.547276833331,426.911367116439,423.36525970962856,425.8211364746094,5660796
2017-11-23,426.68188781507286,426.91141007855595,421.8619202819279,422.97509765625,3232580
2017-11-24,423.0095074930428,426.4064480061508,422.5504629922364,424.9375,5203684
2017-11-27,424.3866640216074,427.37045343874144,423.6062827243245,426.3490905761719,3870472
2017-11-28,425.99334609301377,429.4361802478603,425.95891214789407,428.1393737792969,5090540
2017-11-29,428.05900437466937,430.4689880454115,425.94741084173194,429.96405029296875,3274584
2017-11-30,428.9081961283391,430.11318788116796,422.32091908668195,425.4653625488281,5796312
2017-12-01,425.7408187852623,426.9113766337522,423.2619673266997,424.2030029296875,3858148
2017-12-04,425.7408713783389,425.7408713783389,420.04870777957757,420.966796875,3641932
2017-12-05,419.10759984191105,419.69289274653056,414.74667739010584,417.833740234375,3893360
2017-12-06,417.71901456629223,418.0403513251599,412.9105345566674,413.8974914550781,6395120
2017-12-07,414.6664136604746,416.95014903411254,413.8515983968733,415.35498046875,4231304
2017-12-08,416.3533272218584,425.3046942348973,416.3533272218584,422.4127197265625,8956400
2017-12-11,424.1571164697139,425.01782490410864,422.32093847633854,423.7898864746094,3198232
2017-12-12,424.4095575612591,424.5931865557186,416.80088989565115,417.70751953125,2410588
2017-12-13,417.74198212413256,423.4685510518113,416.6058301764526,418.04034423828125,2907460
2017-12-14,418.6486140349409,422.3209702984053,415.8943468373426,421.8734130859375,3683092
2017-12-15,425.99329158962274,433.3380035135817,425.87853046581085,429.9984436035156,12450124
2017-12-18,425.76375676163457,435.86273535867605,415.2746015623026,431.26080322265625,12297988
2017-12-19,431.45592463120886,434.63480210079695,430.61816283868336,432.53466796875,4952112
2017-12-20,435.83982239028865,436.8038046691149,427.7491627759162,428.7820129394531,9343504
2017-12-21,431.4789200076062,432.6494779784064,428.10492583547,428.81646728515625,6854544
2017-12-22,431.2723123635275,431.5018346159828,427.31305350867336,430.7329406738281,4470904
2017-12-26,431.73137358651513,432.1445248640745,426.1539714287343,428.8279113769531,6785696
2017-12-27,429.2295522113094,429.2754734718167,424.880116800306,426.1654357910156,3489384
2017-12-28,426.6589338973632,431.7084236076561,426.4523582601895,431.0542907714844,8700520
2017-12-29,430.76744151300784,431.3182725901616,428.7820681173723,429.7575378417969,6345872
2018-01-01,429.82634194013275,431.67400741268597,424.73095877558177,425.6490478515625,6580516
2018-01-02,426.5786117883603,430.354241795908,426.5786117883603,429.7460021972656,4776316
2018-01-03,430.3542432454461,431.10019060040486,424.8916021773755,425.22442626953125,4531288
2018-01-04,425.3047490496545,428.17377730821937,425.3047490496545,426.8884582519531,2373776
2018-01-05,427.5998716250778,428.75896997752363,425.88994239013044,427.7375793457031,2870868
2018-01-08,428.05900631050906,429.3672719591156,426.3949699588998,427.0491027832031,4570308
2018-01-09,427.3704434865593,429.17218760445445,425.76378768397825,427.7606201171875,5305528
2018-01-10,428.10488846038396,428.72461534460103,426.2916851040392,427.8753662109375,4615888
2018-01-11,427.8753978136294,430.5837717642779,426.05070700290025,429.79193115234375,4059096
2018-01-12,429.89517878886204,431.0772239924127,426.911389507359,428.12786865234375,4336708
2018-01-15,429.19510662600845,437.1021646995084,426.87693757778874,435.5758361816406,12576444
2018-01-16,436.8841767398925,438.3875588950785,432.706882412014,436.12677001953125,6445384
2018-01-17,435.4037294143156,436.67758917087707,433.1085068027483,433.9118347167969,2905496
2018-01-18,441.60084472931794,448.48651278642785,440.23519843846645,443.9649353027344,16649540
2018-01-19,444.1599961142325,449.8406719094623,440.51058666645366,448.0733337402344,11455988
2018-01-22,449.86364385001195,456.2902673335836,448.2914219227806,450.6325378417969,8849768
2018-01-23,451.01123448159376,451.40141111089946,446.03061271761527,447.8667907714844,5047796
2018-01-24,448.1536609295431,451.92929057049014,447.7060757508218,449.32421875,4790568
2018-01-25,448.463556076134,454.45408154750754,447.6831747769765,453.29498291015625,8723668
2018-01-29,453.9950402392801,460.63969860490226,453.9950402392801,458.9642028808594,8235892
2018-01-30,458.5396006587744,459.48063635901343,455.40661608032366,458.0116882324219,6397560
2018-01-31,456.61155692635685,462.143037392395,456.06069793826117,460.3527526855469,6943348
2018-02-01,460.42164451940994,462.487344818849,455.6705450378416,457.01324462890625,6521420
2018-02-02,455.8312522371202,456.7263947408551,445.6175106839723,447.1094055175781,7346124
2018-02-05,440.2236716143036,444.18293039185664,437.4349706978479,439.2711486816406,7926784
2018-02-06,426.9113586010979,438.8465148630641,421.47169281961146,435.3577880859375,10749804
2018-02-07,437.6989854404693,437.6989854404693,427.46229741496614,429.8493347167969,8364972
2018-02-08,432.4199332430902,435.77095259989585,428.4032937357897,431.7198791503906,5171444
2018-02-09,424.13411282770346,427.9900692846847,423.2619171909672,424.5013427734375,6408952
2018-02-12,426.9113895668766,432.87896813071467,425.79821224603893,430.7329406738281,4381108
2018-02-14,433.7511821622966,435.61030688190107,430.2739142876015,432.224853515625,3577188
2018-02-15,433.7282759149544,434.88737472857855,430.3543093368966,431.9380187988281,4915224
2018-02-16,432.39702126185387,434.91027897634115,430.50346248528353,431.1805419921875,3583520
2018-02-19,432.0986181871809,433.246229532636,426.69338556080044,431.0887145996094,3654552
2018-02-20,432.59205918330167,432.8445280538532,426.63596802365316,427.6458435058594,4084068
2018-02-21,428.73614055883814,428.8738763439632,425.12116457430204,426.314697265625,2753072
2018-02-22,424.61612600776186,426.9113483105065,422.6766743690828,425.3505859375,13253596
2018-02-23,426.1998754111441,432.61501114843804,424.70798077290334,431.6280822753906,4076748
2018-02-26,433.360972339543,439.4892334758108,432.31666287005777,438.7432861328125,4788884
2018-02-27,439.4777114054623,441.08436709411006,436.0922583472403,436.67755126953125,4787328
2018-02-28,433.69375618296425,435.04791497339187,431.0427631259278,432.4657897949219,4066364
2018-03-01,431.3412302169881,434.5545421236224,428.7476172566336,430.205078125,3909840
2018-03-05,430.1591396759388,431.04279475383896,426.5097302190209,429.19512939453125,3781464
2018-03-06,429.2065852842544,431.4788610452119,422.20615702159677,423.75543212890625,4576828
2018-03-07,422.3209679244696,425.3965718814035,419.68146187494165,420.62249755859375,5628164
2018-03-08,422.2750759481873,426.5671311127475,420.4847910672873,425.27032470703125,5518724
2018-03-09,425.752322688902,428.1164132723772,423.23906504450537,424.8572082519531,4108108
2018-03-12,426.95729631499154,429.0803772173567,425.39656175964086,428.575439453125,6557116
2018-03-13,428.6213295683194,432.5920758395406,425.7637886628719,426.9687805175781,5124200
2018-03-14,425.99330521755167,428.7246256552219,424.1571271778208,427.9442443847656,3680392
2018-03-15,428.1049161030005,433.2232738032884,428.1049161030005,431.68548583984375,5870924
2018-03-16,431.50181860391086,431.75428746867254,423.8243107513172,425.3047180175781,7896336
2018-03-19,425.3047383171987,426.9113941014515,423.0439497100708,423.9849853515625,7838740
2018-03-20,423.4914957477966,425.9703472425073,421.23070720020405,422.2061767578125,3657372
2018-03-21,424.1571069658091,427.6458338679109,423.0783636260131,426.6589050292969,5921140
2018-03-22,426.6589495961888,431.50186384750197,425.7867537706316,428.6902160644531,6673224
2018-03-23,423.847285212324,425.32769257582464,421.68977037401885,422.6767272949219,7190152
2018-03-26,422.2979385878079,436.09221841950773,420.82899077482494,434.5888366699219,10501768
2018-03-27,434.66927287201287,435.8627774324587,430.5837653835137,434.3938293457031,6136836
2018-03-28,432.17891580217616,436.0234135463574,430.5952346681094,432.90191650390625,8837508
2018-04-02,433.91181258805887,444.2976943757392,433.91181258805887,443.25335693359375,4596368
2018-04-03,441.5893672286935,441.9910312076237,438.6170649917525,439.7417297363281,4079884
2018-04-04,439.0645717542936,441.8188387218239,431.1460542226438,432.2477722167969,3714108
2018-04-05,436.3906463442953,439.30556758665864,433.84292706469955,438.135009765625,4858892
2018-04-06,438.8924988996431,442.163191436523,437.42357870087375,441.4631652832031,3720008
2018-04-09,440.4073195424967,445.732224717146,439.85646052012,445.0551452636719,4003536
2018-04-10,445.96176191976883,445.96176191976883,439.19085508671003,440.8778381347656,6067236
2018-04-11,439.74168277913503,440.68271839714174,437.3316991629007,440.41876220703125,2870812
2018-04-12,439.7646490383672,443.6435808260447,437.4464798218506,442.7025451660156,4712516
2018-04-13,442.5189195667614,445.2731867009943,440.4761658386344,441.8303527832031,3297172
2018-04-16,440.68272133391974,447.5683888547622,440.6482873927449,445.7551574707031,2847744
2018-04-17,446.0765098002069,447.7979267405216,443.9189949647751,447.22412109375,2667832
2018-04-18,447.7978913436508,448.371696945065,442.98941161094035,443.5746765136719,2712720
2018-04-19,445.273162385371,446.3748803860429,443.6665066448052,445.04364013671875,3169032
2018-04-20,445.5027200415809,450.0931653794643,443.4714535831385,448.922607421875,9361380
2018-04-23,454.2245051667131,454.2245051667131,426.9802269532932,444.29766845703125,15304620
2018-04-24,444.1255798339844,447.1208565795414,442.0598794626635,444.1255798339844,5037416
2018-04-25,442.4960093396251,444.81417876470374,438.84659948303073,440.85491943359375,4020592
2018-04-26,439.94827618658076,445.0895523613729,438.67441644509245,443.03533935546875,7847480
2018-04-27,443.666573599214,444.24037930743856,438.9613667917728,441.4631652832031,5777008
2018-04-30,442.9779523805876,448.670115514692,442.7025368815856,446.2601318359375,4609552
2018-05-02,447.5683835473391,453.99500649058297,446.65029455544715,452.0440673828125,7100048
2018-05-03,451.7112833069138,453.2835051436437,446.65030639778325,451.6768493652344,4152772
2018-05-04,452.15883711099565,456.7492821578078,451.3096159844766,456.4049987792969,6881436
2018-05-07,454.83276936084945,456.12957566849417,453.3064408046961,453.8572998046875,5264128
2018-05-08,454.28194142198305,454.4311364972853,448.62421200583066,451.4817810058594,7100564
2018-05-09,448.97995247531213,454.568813628548,448.97995247531213,454.0868225097656,4327332
2018-05-10,456.42792193688217,458.81495884208215,454.91308075287986,457.36895751953125,7171672
2018-05-11,457.3690141299037,462.94641647253536,455.8312261350795,461.7414245605469,6057068
2018-05-14,462.9923445195442,465.333488649519,461.8906543564889,464.03668212890625,4742916
2018-05-15,465.2531251179757,473.9634839919447,465.17276990979474,467.7204895019531,9826684
2018-05-16,466.05641612267107,470.29109042964757,462.9808123679257,464.4038391113281,6841604
2018-05-17,464.51855399925046,469.24670627685646,461.9134823236288,465.4136962890625,6615476
2018-05-18,464.7137396980793,464.7137396980793,459.84787866775895,461.833251953125,5217460
2018-05-21,462.7398428496048,463.8645075759478,455.8427154482164,457.4493713378906,4848108
2018-05-22,458.7461279458356,462.2463423962699,455.71644533358494,456.7263488769531,3960372
2018-05-23,456.2443348042165,457.66736153162725,450.64398636144256,451.58502197265625,5726292
2018-05-24,451.49326119529536,456.8067074609547,449.0258967409779,455.83123779296875,4520744
2018-05-25,456.7492962740812,462.71687501937066,456.7263496517085,461.0413513183594,4759588
2018-05-28,460.83480337498776,470.9796760277021,460.4216521011552,468.7303466796875,5103940
2018-05-29,467.7663422488624,471.1403080932711,465.6547487706798,466.52691650390625,3351244
2018-05-30,463.56609097536256,471.20919333598096,462.78573771631744,470.1419372558594,4866996
2018-05-31,485.0753598548108,498.9346558506626,480.4555945228603,494.1878356933594,39639192
2018-06-01,488.7710870584653,493.8528280392244,485.3062636624932,487.5237731933594,21151356
2018-06-04,496.62472326572396,498.2416409693798,470.74247931633863,472.64813232421875,88796324
2018-06-05,473.52592606855296,477.4411657395182,467.28924313984515,476.6673889160156,17105460
2018-06-06,475.88197651727234,476.94454501388043,472.37096643180786,475.22369384765625,9782000
2018-06-07,478.88477304300295,480.40931787351406,474.2650085791623,476.3439025878906,10563896
2018-06-08,475.6047461931172,476.12446968944283,470.06102889897693,473.375732421875,6180888
2018-06-11,473.9647371568665,476.5171684340504,470.93882511250473,471.7472839355469,7091188
2018-06-12,473.96475460547623,474.1495564791259,470.84644151289325,472.1053161621094,5234256
2018-06-13,473.9878472299422,474.63462555166814,467.54326998350734,469.24102783203125,7897960
2018-06-14,468.9061293747578,472.37095299082745,467.7511881694013,470.6154479980469,16927576
2018-06-15,467.98219915179897,470.9619532457797,467.12755389702687,468.8137512207031,10880816
2018-06-18,468.92924293222256,470.9388576349351,464.0784896589832,466.3999328613281,7487404
2018-06-19,467.7396152656013,471.37767996748187,466.4345542950699,467.4046936035156,10981152
2018-06-20,467.98219892210744,475.3738229919532,467.7512106699248,474.94647216796875,9051712
2018-06-21,475.8358128864383,478.3304973589354,472.8445262152204,475.2814636230469,13510704
2018-06-22,475.131276904319,482.4882753380047,473.4912941401343,481.2294006347656,7848980
2018-06-25,481.1600455692087,484.56712197437645,478.85016326062043,483.9087829589844,6992336
2018-06-26,481.8530187127271,485.76825801572915,480.42090293500746,483.62005615234375,9161932
2018-06-27,483.45841697763024,489.57960572579424,482.7654522136872,487.9858093261719,19126804
2018-06-28,488.54010793126736,494.3148136987764,487.6623413758838,492.2012939453125,37533540
2018-06-29,490.0877242238609,494.31482017982194,486.2533533801284,487.0271301269531,19458120
2018-07-02,487.0041340483725,487.0156383467974,476.5865406757181,478.89642333984375,9864876
2018-07-03,478.8963894551048,481.61050139341296,477.12935189952486,478.1918640136719,6863100
2018-07-04,479.5893645825608,486.9348023724102,477.9146997333261,485.8953552246094,6097992
2018-07-05,486.2303102525843,491.7740287542764,483.3545175585556,490.56134033203125,9735968
2018-07-06,488.14741266386466,493.2869005173731,487.6969969172226,488.57470703125,8121344
2018-07-09,490.1224423500431,492.0049740359738,486.86548545742903,491.0001525878906,6182296
2018-07-10,491.98184577188084,496.53235936232943,490.85002591662504,495.79315185546875,10950736
2018-07-11,495.48136888044365,497.9413712447741,493.11373926089277,496.22052001953125,5857920
2018-07-12,497.29455219352525,503.51973028697375,497.08668533795714,500.3089599609375,8020668
2018-07-13,500.8749451912255,506.049116307222,499.65075246759244,503.7622985839844,7161188
2018-07-16,503.4157320597662,505.87579057551153,499.800788773511,500.9788513183594,9017336
2018-07-17,499.68527834344513,503.7853193422184,499.68527834344513,502.8036193847656,6361924
2018-07-18,505.1712282000266,512.7938393251299,502.0875129601555,502.6765441894531,17460272
2018-07-19,504.24735380320396,506.67273044769945,501.4754947809234,504.96343994140625,5304776
2018-07-20,504.9634323717418,508.8324855323426,501.49860864583064,505.64483642578125,10006964
2018-07-23,496.6247305928039,503.0924015028497,493.86443232241805,498.1145935058594,16880132
2018-07-24,495.93182212669745,501.01356413265336,495.93182212669745,498.8769226074219,5208792
2018-07-25,500.0086698210221,502.81521076568254,498.9345970653406,501.3253479003906,7038616
2018-07-26,500.08948542405045,508.97097101117413,500.08948542405045,506.46478271484375,21281092
2018-07-27,508.6245594789073,510.93444195016065,504.6400122159953,508.6707458496094,10554596
2018-07-30,507.94321690926216,507.94321690926216,498.79605865849516,501.221435546875,7169120
2018-07-31,498.93454208426533,504.9171142675552,496.6362206344041,503.4388122558594,8860944
2018-08-01,499.58141278867,502.39945824123066,497.0174205822678,498.63433837890625,6071560
2018-08-02,497.4331848398548,497.4793712100606,490.00693533201087,492.0511474609375,8905704
2018-08-03,492.82496573932787,495.9433069477449,488.3091344143421,490.076171875,13604008
2018-08-06,489.9260584199646,493.7142430091894,486.48435619171573,488.3784484863281,5744632
2018-08-07,490.849991066279,493.04437926163416,486.9231911377488,492.2127990722656,7428456
2018-08-08,493.3562771150482,497.0405284297627,492.70949873528275,493.4717712402344,9945380
2018-08-09,494.7767952546945,494.7767952546945,483.83947986097075,489.34857177734375,8944408
2018-08-10,490.50354084449833,490.57284859708676,484.61334056593245,488.4130859375,5442940
2018-08-13,481.3794774679547,485.98768143658634,480.45552453615437,483.1465148925781,10054252
2018-08-14,484.61329828932116,486.23021587179267,482.1186141690717,482.5575256347656,4935964
2018-08-16,481.1485057104349,482.00315092289253,477.31407835472106,479.4622802734375,10625160
2018-08-17,481.1254150455198,483.4699796760969,478.5267971699456,479.8434753417969,6065328
2018-08-20,479.3006612627365,486.8309014380958,479.3006612627365,484.1976013183594,7811136
2018-08-21,484.61325752109303,487.8470924139888,483.3774480581515,484.162841796875,7776320
2018-08-23,486.2302616597432,486.69223815538186,479.7279650410744,480.43243408203125,12574552
2018-08-24,478.37663686323333,483.5969935554485,477.2332563734995,478.11102294921875,9714628
2018-08-27,479.7625501333506,482.4189147585473,478.2033795924743,480.5594482421875,12574788
2018-08-28,482.3034501694888,484.6710796542768,480.1783696179629,483.8857421875,9973532
2018-08-29,483.2620368280433,483.7009483320813,478.780887408299,480.10906982421875,9873692
2018-08-30,481.28716765195946,482.2803720685994,476.2631729284974,477.244873046875,21827460
2018-08-31,477.96085146324015,480.1668004179659,475.4315415323046,476.1129455566406,15771500
2018-09-03,478.007077333663,480.21302647068364,476.6442691723715,479.31219482421875,7661608
2018-09-04,479.7394209904222,479.98196990491147,473.29487208319006,473.941650390625,7130536
2018-09-05,474.40366470953495,475.88196690715665,470.18812927516336,472.5672912597656,5641508
2018-09-06,473.29490652359425,475.60478893708176,469.5066937261133,474.0340576171875,10402412
2018-09-07,473.7568569043568,475.8357509619576,471.38922756097816,475.1312255859375,5919300
2018-09-10,474.6808711938287,474.6808711938287,467.77431662566136,471.481689453125,8598592
2018-09-11,472.6712439658249,473.0639126927555,460.6252016824562,462.0688781738281,18186536
2018-09-12,462.415392743965,466.9081030193575,459.56269343765416,464.7137145996094,12246008
2018-09-14,466.56161576081666,470.6154708673356,466.3537206943886,468.8137512207031,10334672
2018-09-17,466.896523748436,467.27763177307975,459.20460435847764,460.17474365234375,9338220
2018-09-18,460.79846145477984,464.25172448275913,457.5761584779329,459.4818115234375,9325736
2018-09-19,460.78687292838777,461.5144915048061,451.9284797943709,453.04876708984375,16712264
2018-09-21,455.9476964627841,461.94183006316763,441.23372853124846,455.1045837402344,22610148
2018-09-24,454.41166052332073,455.5550411467906,442.3425237779434,444.8140869140625,13390792
2018-09-25,444.8140122875881,453.19889610899946,442.3424495661233,450.9814147949219,16682552
2018-09-26,453.4183542210257,456.8947385101517,451.6513167432826,454.63104248046875,14726724
2018-09-27,454.9082974636008,458.74269704627716,451.61671466757383,456.46746826171875,18352208
2018-09-28,457.5068555648369,465.54522926468496,456.69839673832075,463.37396240234375,14460716
2018-10-01,464.24018266173937,471.67799281725536,461.4683237421473,470.1650085449219,12449588
2018-10-03,469.0101052633705,474.03409996148696,463.5934417986078,469.17181396484375,15332148
2018-10-04,463.82438311079363,466.08807912780594,448.8101476017291,452.21722412109375,17970584
2018-10-05,451.3394426614599,459.6665796673213,448.1518219919005,453.961181640625,15729180
2018-10-08,453.8918591967585,454.81581209079775,445.8072713739155,449.2720947265625,20128020
2018-10-09,449.13353440303604,453.891886453724,445.80729814538796,448.2557678222656,12459364
2018-10-10,449.27215433574395,457.8764668030995,447.0777659212506,454.3885498046875,15939932
2018-10-11,444.65238620033125,450.0344237639728,442.9430674919398,447.5513000488281,14359904
2018-10-12,449.2721162940171,461.306597677236,448.5791515902217,457.7840270996094,9600320
2018-10-15,459.6665885711722,464.471155147523,455.11613161127553,463.8359375,12585968
2018-10-16,462.6694483261099,466.18045832275254,459.0891305782044,460.30181884765625,9406004
2018-10-17,463.385504590874,464.9793290929983,453.5454111644819,456.109375,7940796
2018-10-19,452.4828593681401,457.5530398497662,452.2749643171929,454.527099609375,9867348
2018-10-22,465.2102982481393,466.59622763716055,459.34319152858814,461.7223815917969,20331160
2018-10-23,455.7398151531274,461.72241643996284,455.7398151531274,458.4770202636719,19428564
2018-10-24,462.90042156765674,464.00917637109205,455.6473853707983,460.1863098144531,18072336
2018-10-25,455.87841053433436,462.8080581251384,453.3028858737239,454.7696838378906,29847056
2018-10-26,454.76969347389786,456.7099722829885,450.1961146883354,453.01416015625,15155712
2018-10-29,453.68403708809814,453.8803714702822,437.7689402904847,444.95269775390625,17044280
2018-10-30,444.6523905454812,446.269308329283,438.7160036751039,441.8227844238281,13828704
2018-10-31,439.3512220783017,443.0123802838301,435.4128610484504,441.591796875,23449404
2018-11-01,445.80728045185805,445.80728045185805,437.9536806926025,441.6956787109375,19629052
2018-11-02,444.88338545014767,452.7369862317183,441.6495498342068,450.300048828125,30092868
2018-11-05,450.40399610757987,452.65613155404645,447.6552302822745,451.8130187988281,5705296
2018-11-06,451.58199676623894,456.43274967267934,448.7985772721543,449.6301574707031,8485588
2018-11-07,452.96795316769334,453.88034546623317,450.42708244620195,452.263427734375,958760
2018-11-09,452.32116505577574,452.7138619859979,447.262545103914,449.3645324707031,10101620
2018-11-12,450.7735711886492,453.19894782071725,442.83913041738816,443.739990234375,7907764
2018-11-13,443.2664504745656,447.5859194584138,440.7717661030205,445.28759765625,13350420
2018-11-14,447.78226121867726,452.73694765794596,447.33181723532147,452.21722412109375,26110636
2018-11-15,453.17582555272696,456.7330500241723,446.08446979406,456.2364196777344,10392524
2018-11-16,457.5877497818716,464.97937421045305,457.3567615184784,462.96978759765625,15813216
2018-11-19,464.51735380187586,466.8272362175988,462.4153664429294,465.1872253417969,12286428
2018-11-20,464.9793497387782,466.50386655757654,461.75707491275426,464.852294921875,5705168
2018-11-21,464.92162657368664,467.50868384178943,462.90047927147833,466.30755615234375,6545604
2018-11-22,465.03707659390165,470.06107083998006,462.011136273556,463.2469177246094,12974552
2018-11-26,465.18722235203614,473.9878686600172,464.7598997472352,473.4797058105469,18184436
2018-11-27,471.4585661919997,477.6605667006152,471.38925844015074,476.7597351074219,12895440
2018-11-28,476.99075879385356,484.7519869181162,475.8589388728071,482.59222412109375,13021108
2018-11-29,485.3061994423964,493.7141472132292,483.6892820715745,492.2474060058594,31908636
2018-11-30,492.0049546743448,493.74892717738265,487.3851898417218,491.64691162109375,13040924
2018-12-03,492.23600307044404,494.77687403889774,486.66916320938356,488.14752197265625,10799856
2018-12-04,486.3226316855648,487.6161884235754,480.1321917934686,481.737548828125,8157420
2018-12-05,479.9935635123268,486.2995537534587,479.5200263408224,484.8905029296875,11798844
2018-12-06,482.6961347036412,485.4564330121742,481.6105012074602,484.3939208984375,11730252
2018-12-07,486.62291781062675,489.23309622216846,480.52485078343335,486.8308410644531,9903920
2018-12-10,477.1985807477893,486.1840570877442,477.1985807477893,482.4766845703125,10915056
2018-12-11,474.9117615784982,478.44589248375206,469.3680445172706,475.7317810058594,18905780
2018-12-12,477.4410921223176,482.71919552966733,475.8588566446159,481.67974853515625,11370488
2018-12-13,483.92040355585766,490.85005133947374,483.06575827460193,485.3756408691406,7064236
2018-12-14,486.2071423779737,489.23311099492577,482.3150242215724,484.0820617675781,6158284
2018-12-17,485.99926672999976,492.6055530842507,484.84432550678207,492.0511474609375,8437324
2018-12-18,490.61908110883485,494.083905127965,485.6759547323238,493.2638854980469,7413968
2018-12-19,492.7209829480701,498.795927875036,488.2051520755009,490.4919128417969,9009896
2018-12-20,487.97418481194495,494.4187337162781,485.6873675538584,493.72576904296875,7980476
2018-12-21,492.9289219025195,496.41686700951016,487.1657763858031,487.65081787109375,10220308
2018-12-24,485.99928059681247,485.99928059681247,479.8434662588667,480.6056823730469,5601488
2018-12-26,479.76254590397997,491.31195721606423,477.9146400940465,490.2378845214844,7601916
2018-12-27,492.697900600015,493.89902813194436,484.7172458774434,486.2417907714844,11639868
2018-12-28,489.08292866191374,493.7950657778977,488.655577898792,490.3648681640625,9415612
2018-12-31,493.62186939149416,493.62186939149416,488.93279683591265,490.0877380371094,5866528
2019-01-01,491.46209751215014,496.8556953773877,486.368852025891,496.18585205078125,6373440
2019-01-02,494.961651676616,496.0472852130269,489.62580034691234,491.65850830078125,8134232
2019-01-03,490.6651652058823,491.60067877476627,485.7682262249893,487.8009338378906,12771664
2019-01-04,488.59791620907237,491.6585106493372,487.4660962942707,489.1060791015625,7287120
2019-01-07,491.47363206365804,493.24072581032283,489.2330575735116,489.84515380859375,5387012
2019-01-08,490.15702589817744,490.5035082444768,484.30145168827363,485.76824951171875,8343460
2019-01-09,489.23316830467013,490.0070015863024,485.6759714136336,488.95599365234375,8568628
2019-01-10,489.00209629781614,490.5728275835415,483.37751018588284,487.0386962890625,7691540
2019-01-11,488.26288604136056,490.6189544875798,486.92314315434004,487.823974609375,6408040
2019-01-14,487.3621045505913,487.3621045505913,484.7173002667825,485.4564514160156,4855160
2019-01-15,486.2417932263523,491.19647956658275,485.5372678339793,490.1339111328125,5087556
2019-01-16,489.7066462929135,490.8500268414211,486.98097368867104,489.74127197265625,5252452
2019-01-17,490.90780686445265,493.3678093125839,488.1590690870281,492.5362854003906,8240228
2019-01-18,493.15984662605166,494.08379950029246,488.4361488352169,492.0626525878906,5207976
2019-01-21,494.30332572124615,500.4360754271992,491.19654484003655,496.1974182128906,17561512
2019-01-22,495.700708994813,495.8855108453871,491.7854700324058,493.356201171875,8796976
2019-01-23,492.92888731403326,493.3562381008737,485.41020908026326,486.3226013183594,7624288
2019-01-24,487.3852212438403,490.0762118747776,484.590240782578,485.5950622558594,10111572
2019-01-25,483.4584329182865,487.38523337677236,482.76546813149486,484.1513977050781,11262236
2019-01-28,482.7654885190703,485.5489084756198,479.7048939148226,481.4141845703125,15360436
2019-01-29,480.05134860739827,481.14854283614125,474.21889507565913,475.2814636230469,14762788
2019-01-30,475.2005254844506,475.2005254844506,468.44411990884237,469.9917297363281,18514160
2019-01-31,469.1370770646078,482.7076350545368,467.05818307466126,480.4439392089844,16579404
2019-02-01,480.44391700338457,489.0020414785057,479.67014033461055,482.8692932128906,15654188
2019-02-04,483.92036178895734,488.0781501002706,481.0676344734722,486.2071228027344,7938288
2019-02-05,486.92327993201184,489.46415093734964,484.382408926674,488.3207702636719,8690288
2019-02-06,488.82888768788877,491.31201139380477,488.21679137829545,490.30718994140625,10875684
2019-02-07,490.86165638871677,492.00503709761335,486.42669268515306,489.0599365234375,7217308
2019-02-08,487.847187618108,495.45823923333205,486.61137791399636,490.30718994140625,12235644
2019-02-11,488.1475019639194,494.9847206353346,488.1475019639194,494.2340087890625,7036364
2019-02-12,493.8528214423728,496.16270367549896,490.8037881733681,491.93560791015625,9772388
2019-02-14,494.3148885985446,494.3148885985446,486.3689148159037,487.4314270019531,7441388
2019-02-15,486.7730997029639,486.94634088637395,480.0397585382585,485.2254333496094,8416524
2019-02-18,486.6460139737432,489.23307086959113,481.8414475136766,482.7422790527344,7138744
2019-02-19,482.6961438433212,486.9578658574158,480.0397789182585,481.3910827636719,5268636
2019-02-20,482.41891990025937,487.61615509190693,480.8943750199317,487.0040588378906,4892500
2019-02-21,485.4680247939522,489.68356062605307,483.59705368546537,488.748046875,5261544
2019-02-22,489.5564518064753,491.5660946032409,482.5575532706973,483.100341796875,8890708
2019-02-25,483.9550487179139,491.99345174920103,483.9550487179139,490.94244384765625,8140596
2019-02-26,487.6739548663412,490.8500433823446,485.3294466283383,487.53533935546875,9607428
2019-02-27,488.7941867271793,490.7229044957676,482.33802097123476,483.28509521484375,7030092
2019-02-28,483.48149624553633,486.4265962357533,478.8847965422854,479.8896179199219,11645376
2019-03-01,481.8992440126751,485.2831993700449,479.7626026671426,481.2294006347656,9352928
2019-03-05,482.511361551595,487.6393461213329,478.14570592451446,486.71539306640625,11837276
2019-03-06,487.3851892236322,487.4544969747564,482.8924792083267,486.0570068359375,8458044
2019-03-07,487.2928239049321,492.00496154254165,483.9203729725938,491.1965026855469,10204852
2019-03-08,488.5517298240793,492.0049930269297,487.25817301266454,491.5892028808594,7053460
2019-03-11,492.46693115760706,495.16948230596876,490.2032351108991,491.64691162109375,9224108
2019-03-12,495.931836705008,502.3995085390742,493.62195390712714,501.4755554199219,15097292
2019-03-13,502.3994891583275,516.0277971400936,501.7296457302314,514.3069458007812,57166348
2019-03-14,518.534061287277,519.1461576699058,510.62271272211825,513.8911743164062,15379864
2019-03-15,515.3347626341961,522.0103002023125,514.6533586059842,520.41650390625,12763088
2019-03-18,522.4722805978627,529.3441807786268,519.0305783588917,522.3683471679688,14358720
2019-03-19,524.22783783938,525.7061400945231,519.9545551779883,523.8236083984375,11957992
2019-03-20,524.1124048552444,531.27304150157,522.2760593166049,531.0420532226562,11711992
2019-03-22,531.2728853354728,532.8898028125808,524.5280408525438,525.7637939453125,30403880
2019-03-25,522.0333698800487,528.4664142742879,520.4164523627211,526.9534301757812,9199260
2019-03-26,525.7061357756141,534.737798910776,524.9439196652776,533.8947143554688,11786848
2019-03-27,535.5577717724586,537.7521599567507,526.4337366904019,531.1458740234375,13885300
2019-03-28,530.9958467240449,537.04772812353,528.4665364445099,531.9197998046875,19554328
2019-04-01,537.1054379661791,538.6646086817029,532.3355530753938,533.9986572265625,9647076
2019-04-02,535.8927672844236,535.8927672844236,527.9121115618736,530.0834350585938,10910496
2019-04-03,529.4481468088637,534.9687429720723,528.558819562109,529.5982666015625,7659452
2019-04-04,529.598259441763,534.2757710560671,526.6531595364604,527.5655517578125,9211552
2019-04-05,528.4549867820684,534.4491212391216,527.1152435084497,532.5665893554688,8351180
2019-04-08,535.6617992900364,536.5741916797881,526.6763781250256,528.8245239257812,6398132
2019-04-09,530.4876435790404,531.9659458385138,523.6503687433394,528.327880859375,10777600
2019-04-10,519.7235534612676,527.5771538246822,515.3347767875946,516.8015747070312,108128700
2019-04-11,518.5454583428099,522.7263678904519,516.7091131810862,521.4559326171875,8793300
2019-04-12,520.2088030921401,524.8516343546459,520.2088030921401,523.2462768554688,9170444
2019-04-15,524.3433832803996,529.6329922106695,523.0383220865116,528.6859741210938,10219780
2019-04-16,529.1824357264372,533.559651087646,526.722433813418,532.4393920898438,8273776
2019-04-18,534.2758588802943,534.7493961039835,528.5011522343767,529.8062133789062,10614856
2019-04-22,537.0476794964162,537.0476794964162,522.2644315446869,524.0430297851562,20980420
2019-04-23,526.0871868420638,528.9629786569145,517.7831723204719,518.6378173828125,15282400
2019-04-24,519.7236188371293,527.5540988034933,519.0422147044893,526.5955200195312,12354128
2019-04-25,528.2469852326841,530.9957791338759,521.5598869414544,522.830322265625,18086636
2019-04-26,523.3962959384243,527.8081944318233,521.3174015183426,526.8726806640625,11707568
2019-04-30,527.8080932916503,535.8926811538856,526.2835484516136,535.3036499023438,12536836
2019-05-02,536.7011779126838,545.0513802665977,535.315248466815,544.162109375,17169300
2019-05-03,546.1023610337023,549.2900098802747,544.323762944856,546.9685668945312,12351520
2019-05-06,542.3604362688052,543.2612679283291,535.2113608769498,537.8446044921875,13748092
2019-05-07,543.2612040632017,544.67025484565,535.4307255013642,536.435546875,9924204
2019-05-08,536.4817632867657,536.7704985949442,528.5011080899881,532.9476318359375,12064208
2019-05-09,531.27297510552,531.27297510552,524.7129313616634,529.1709594726562,9027724
2019-05-10,529.2749715938227,537.024582594393,529.2749715938227,530.4645385742188,10594200
2019-05-13,530.3605526337777,534.356660411027,526.6531801526647,528.3162841796875,11071632
2019-05-14,530.5107353483494,533.8138788066209,525.6253561157667,528.47802734375,10494744
2019-05-15,530.348946326109,532.9360030782465,527.1612976522218,528.2007446289062,8956348
2019-05-16,526.7803190222928,535.6618068699811,526.6532641929956,533.7330322265625,8050136
2019-05-17,534.27582491642,547.2804747350457,533.9524639222525,545.6173706054688,14758780
2019-05-20,556.2197128026702,563.3110408856753,549.7520417235694,561.8442993164062,17699632
2019-05-21,563.1493486146794,565.7825920843898,554.2447403757037,555.2264404296875,10325176
2019-05-22,557.1090631649621,560.3775245201114,553.0436471897266,555.7000122070312,11386660
2019-05-23,556.4506557438317,563.5881696174722,535.6848360632646,538.6876831054688,33081996
2019-05-24,545.0629798673666,551.1726079986589,540.5471481551533,548.2160034179688,13692800
2019-05-27,549.4978884885355,559.4303825719259,547.9618392865723,556.300537109375,12049024
2019-05-28,558.1831993668632,558.9916583769124,551.3806055467452,558.1138916015625,7364840
2019-05-29,556.7278417393018,561.4862220148497,556.7278417393018,558.2754516601562,7475216
2019-05-30,558.067661242843,565.4361645105796,557.3862571239403,563.5074462890625,9359200
2019-05-31,567.4919248978302,569.3860172057554,544.3931006704162,560.2273559570312,19785080
2019-06-03,560.6085703629926,568.1849974257744,560.1350330977641,567.5613403320312,8480860
2019-06-04,567.076110562061,569.5592340604488,563.8538359986893,566.4524536132812,6442988
2019-06-06,566.6604696460986,570.5410842509028,557.4556199974976,559.7655029296875,15634924
2019-06-07,560.2966155290617,566.9029019123992,556.4506837962595,565.3783569335938,7970932
2019-06-10,570.529370583856,570.529370583856,561.7864998658825,563.657470703125,7077140
2019-06-11,566.26772190882,568.2080007440032,563.6922253558112,565.5516357421875,7103292
2019-06-12,564.76622256857,565.5515599934296,559.8346012987171,560.6199951171875,7308620
2019-06-13,562.6758132726247,566.3831859438432,558.0560482975526,564.6969604492188,11107948
2019-06-14,564.2927160559827,567.9885279380742,560.1464883794841,562.4794921875,11956920
2019-06-17,562.4564609165334,563.5882809293064,558.3679796456798,559.45361328125,12810020
2019-06-18,558.5295644222192,561.763399782811,555.2957290616274,558.3563232421875,12419652
2019-06-19,560.6084924207678,564.7431596096466,558.2293021260025,560.9203491210938,10744276
2019-06-20,564.4066813628883,566.4171256891249,561.2108522786759,563.9418334960938,11171492
2019-06-21,563.8604726996228,564.7204299200428,559.1306228711246,561.1178588867188,13250260
2019-06-24,560.5948973113595,564.9296377350446,560.1416819880365,561.9894409179688,6915000
2019-06-25,562.4311191943685,567.4630750239622,558.5147529316326,564.488037109375,8899800
2019-06-26,563.558236544191,574.0870508911395,562.9307033434575,573.5989379882812,10533636
2019-06-27,573.7966084328706,579.7815249562717,570.8680440577499,572.2974853515625,19879236
2019-06-28,572.6925463554987,575.2492095088716,566.4287329785599,567.9859619140625,12756844
2019-07-01,570.833095352994,578.5030840120529,569.4501845041989,577.7012329101562,8524160
2019-07-02,578.2707375688877,580.4787649028525,573.4363084783296,579.897705078125,7246828
2019-07-03,580.8274223626604,581.8268566471236,577.1086393463329,578.6542358398438,7463256
2019-07-04,579.8511575309439,580.5716375750483,574.5518812578972,577.2944946289062,7993964
2019-07-05,577.5966653960901,579.8860067995332,571.7628027194762,574.6448364257812,7583060
2019-07-08,575.1446284641797,575.1562610091229,557.1317744800452,560.0487060546875,14607140
2019-07-09,558.7124143587406,560.3277496921291,551.5421117839121,552.9714965820312,16482688
2019-07-10,552.8783975278814,557.3525579703036,549.9730985392955,555.20263671875,11569148
2019-07-11,558.5147114218445,561.0713746867801,556.8063728153514,559.479248046875,9097596
2019-07-12,562.0011596144742,562.0011596144742,554.3428011496959,556.3997192382812,8976272
2019-07-15,556.8877589282218,558.5147265043895,552.5530751550829,556.5972290039062,8233184
2019-07-16,562.0011291708336,562.0011291708336,553.633866701789,555.7721557617188,12770568
2019-07-17,556.1788237756745,560.5135640529811,555.7953469944563,557.2247314453125,7759736
2019-07-18,558.5147016815833,564.5577238387706,558.2590126618991,560.583251953125,10802584
2019-07-19,561.303740434104,562.6285453670504,550.1473927981467,552.1578369140625,8939228
2019-07-22,545.0340942688354,546.161372982349,530.2170693180301,533.9358520507812,22171296
2019-07-23,533.2966943887888,533.2966943887888,521.1060709061937,526.091552734375,27802864
2019-07-24,524.5226663437539,532.9480332009429,523.1862288422687,530.1356811523438,17363740
2019-07-25,531.088707184081,538.1660048653456,529.9846934601754,531.332763671875,19462008
2019-07-26,529.5081700635334,533.099108325288,528.2647361218771,529.2990112304688,12829828
2019-07-29,528.4274899844819,528.4274899844819,516.6900803514848,521.6290893554688,9976492
2019-07-30,524.1159113510188,527.8811673032535,520.6062876505332,523.4767456054688,10394136
2019-07-31,520.6296858271679,526.9051329331204,519.293248017567,523.33740234375,13891840
2019-08-01,519.2491879801987,521.7882240006119,511.77175362917154,517.5487060546875,18241676
2019-08-02,515.0329787459242,518.0612142609386,508.27768413550723,515.8133544921875,27825536
2019-08-05,511.78354179021875,512.4707070460379,503.7354109032077,507.6371765136719,19822440
2019-08-06,504.7834659363006,514.8581705517805,504.7834659363006,509.9314880371094,24890940
2019-08-07,510.1412079360459,512.9365022261064,504.3176781650864,508.7435607910156,18750136
2019-08-08,512.0047063064079,522.4870592562662,508.51058865645524,520.1925659179688,19711600
2019-08-09,523.4188359734471,533.2023656178105,521.741670837066,531.57177734375,30436112
2019-08-13,529.5452857712662,529.5452857712662,513.0763529233456,517.2110595703125,15440068
2019-08-14,520.716738284431,520.716738284431,513.1811245497369,519.3307495117188,14254052
2019-08-16,515.7317520030064,520.1576342469345,513.4256571609102,518.9230346679688,15247560
2019-08-19,521.4389119521758,522.254206208076,512.8666638303422,514.0663452148438,8498200
2019-08-20,514.6253208358501,518.9463912578008,514.0662847314585,517.2692260742188,10270592
2019-08-21,518.2708478659208,522.0678007614238,515.7783884253276,518.4921875,10472712
2019-08-22,517.3274702343774,517.3274702343774,504.79522270082606,506.4374694824219,13992044
2019-08-23,503.3858717339968,507.11293047890376,498.400953410845,503.7818603515625,20099616
2019-08-26,511.2825843484342,527.879643784232,504.78354803331604,525.5502319335938,25280244
2019-08-27,525.5152575605598,529.4519404208985,521.8115158604874,526.4353637695312,20660832
2019-08-28,524.1176923469654,525.8298328901292,518.608655795571,523.5353393554688,13662588
2019-08-29,523.1859544835784,524.9795904156061,517.1993767970072,518.7484130859375,14783716
2019-08-30,520.2740970593653,526.4470379915673,517.5952736359569,518.9812622070312,19233320
2019-09-03,517.129430366503,517.3623715513528,511.57376035967326,515.0213012695312,11428676
2019-09-04,514.1012132738207,529.7082732146208,512.2376837286505,523.5935668945312,15060704
2019-09-05,523.8846438909845,529.3354440272403,518.2940563172257,520.6583862304688,17296252
2019-09-06,518.9929730891992,525.6551138940729,517.4322784849605,523.16259765625,12870004
2019-09-09,523.1859860183483,526.6567874873117,516.2210662099925,524.0245971679688,10643404
2019-09-11,529.7082244146042,529.7082244146042,522.0560841765486,524.4204711914062,15209116
2019-09-12,524.2807490236515,533.1558315181851,523.6867375878046,528.9745483398438,18132300
2019-09-13,524.3505681870413,528.1824390193922,521.3223330087066,525.85302734375,15371340
2019-09-16,524.5602380530871,527.0643558219105,522.0212018542569,522.7549438476562,11030184
2019-09-17,523.628394555259,523.7681819950783,512.027970643815,515.1144409179688,10656556
2019-09-18,516.5005505172651,518.0961636656313,507.8118321075806,509.61712646484375,12959884
2019-09-19,512.424001762118,515.7550718972446,505.01646111522183,512.9597778320312,10623310
2019-09-20,516.1976824753287,563.6711088712841,514.9863996486561,558.8724975585938,46150034
2019-09-23,586.8022041317837,597.5873362774947,572.5694739553558,585.7306518554688,41920410
2019-09-24,582.3530371049728,587.920309391531,571.8939993067331,584.1234130859375,23379048
2019-09-25,582.3063553380447,582.3063553380447,573.0818621438584,577.5543212890625,15608976
2019-09-26,577.6009660741333,594.0000022105288,575.9936378282621,578.8588256835938,30671560
2019-09-27,581.5376642042971,583.9835466293503,576.5760056251082,579.6508178710938,14873170
2019-09-30,572.4763378346818,577.6941981667325,566.7459613466372,571.8473510742188,18218458
2019-10-01,573.7341573013938,584.6823933522121,568.8889691218436,581.7939453125,18768352
2019-10-03,577.6708827186054,579.4645755281714,566.6760690037603,570.0304565429688,16298876
2019-10-04,576.133466131315,577.5077964268856,552.2104168966683,554.26025390625,18403632
2019-10-07,559.6179562574688,568.306675014548,550.2770475899547,552.9558715820312,22513220
2019-10-09,557.7077911267619,572.9887560869607,554.4000375707993,572.1734619140625,17427270
2019-10-10,569.2151873872587,571.1485540150486,557.754433878059,559.315185546875,11556858
2019-10-11,565.3016264534493,570.23996774118,553.9107694461826,558.499755859375,17186318
2019-10-14,563.2518122788907,568.3299417289361,557.8475879024058,561.1087646484375,12267802
2019-10-15,562.3199899373465,570.7058721402233,562.2500962115752,569.7974243164062,8400374
2019-10-16,573.8040590306887,575.3647536685824,563.764270742802,568.8889770507812,10586816
2019-10-17,571.8706438658667,572.965456127699,565.1619259568206,568.3765258789062,12243614
2019-10-18,570.9156136319854,574.8290375040025,568.5396245608941,572.5695190429688,11233806
2019-10-22,585.6141990728054,585.6141990728054,574.2466567063789,577.3681030273438,20006228
2019-10-23,580.8854577899399,582.2365281210541,574.4329979381954,578.4395751953125,10190214
2019-10-24,581.4212705721465,584.286458880539,571.3349046244364,575.8772583007812,13107494
2019-10-25,577.6942258855015,580.8855092269956,568.3765770808966,572.5695190429688,12993542
2019-10-27,577.6708550214476,578.5793598172293,575.3647599060206,576.6226196289062,1750082
2019-10-29,576.7623550875566,585.7771672764354,576.6225676329923,578.8588256835938,14232568
2019-10-30,580.9087218466843,588.269628959077,579.0917692817756,581.584228515625,12011366
2019-10-31,585.9401733491417,588.8286778663913,571.6841856768852,573.1983032226562,13217706
2019-11-01,577.2282080309179,579.4411491028686,571.917138084156,577.7174072265625,11512260
2019-11-04,580.6990831115767,582.3529883466448,572.5927750101185,576.2266235351562,9935176
2019-11-05,578.1600051762933,579.9303808814818,572.5927337569641,577.461181640625,12367810
2019-11-06,578.835486501119,586.545861921883,572.1268263487713,585.4510498046875,12130336
2019-11-07,587.4776750033567,591.5308289185795,582.352968877237,588.7355346679688,16963034
2019-11-08,586.5459255532465,590.2729846512815,583.0284907813127,584.9619140625,13251496
2019-11-11,583.5409287946053,590.9717291285101,582.5858472804115,589.2246704101562,14286610
2019-11-13,587.9202593832011,591.6706353713167,584.030152800314,585.8704223632812,9293496
2019-11-14,588.7820878224919,594.9317115840498,585.7072190713136,593.4874877929688,11055218
2019-11-15,598.1230514893108,598.6588275728928,592.1830514491907,595.35107421875,9279012
2019-11-18,594.9318382344264,596.0732273920366,586.4061673737403,587.9669189453125,9130292
2019-11-19,589.4810346437574,594.0000712612668,587.5242944044147,592.5558471679688,10570578
2019-11-20,593.0682757816081,597.7037827616671,590.2729814731323,593.2313232421875,11054258
2019-11-21,591.7870285463906,599.5905575589095,590.9018407470097,597.8900756835938,12019526
2019-11-22,598.02985772474,598.02985772474,587.9434940166967,589.2246704101562,7688010
2019-11-25,588.9452455467404,596.0965289909554,588.9452455467404,592.18310546875,7893556
2019-11-26,595.6073311274401,596.213000995193,590.2496835310778,594.0233764648438,8716002
2019-11-27,594.4659163251183,599.0082695258785,592.2296581550427,595.5840454101562,9580666
2019-11-28,596.4226202664681,597.7504305906288,587.9435834123306,589.4810180664062,12366040
2019-11-29,590.5990981914024,596.2828976173189,583.2847672291058,593.9767456054688,15567626
2019-12-02,593.510764067455,593.510764067455,586.3594817662578,589.6905517578125,8946204
2019-12-03,590.8319733347757,591.2047019628194,584.1233129932231,584.8687133789062,6991906
2019-12-04,583.5176927584945,585.5675866460592,574.9920222837997,583.1217041015625,11395614
2019-12-05,584.9618630167804,586.4294037826509,578.0435215438523,580.3030395507812,12772494
2019-12-06,581.8637085621657,587.0117310148612,576.8554735554912,580.5126953125,13774650
2019-12-09,582.1200337823306,582.2830812412412,576.5527620897583,579.0684814453125,8265350
2019-12-10,582.8188186407375,584.0534182397568,580.0701014073599,582.1199951171875,9788900
2019-12-11,582.3995597302257,584.2165124108483,578.8588649684841,581.7706298828125,11054642
2019-12-12,583.7506229827026,591.4143653966029,583.7506229827026,588.68896484375,12913148
2019-12-13,589.3412571103048,592.7654814988791,586.6624332143489,588.8054809570312,11775186
2019-12-16,591.321295202108,591.6707070369723,581.5144469554155,585.7772827148438,11327576
2019-12-17,587.0118222185259,593.9069044657647,584.8454576910184,592.18310546875,12427354
2019-12-18,597.7271406604992,605.1812593281282,593.371151438186,602.0831298828125,17447172
2019-12-19,607.9764705882353,608.2094117647059,599.1712827435662,600.42919921875,13018376
2019-12-20,600.4058772146014,605.4606893266727,596.3527235268623,604.109619140625,15026044
2019-12-23,605.1812472297753,607.5106592668415,600.4292694223249,606.7652587890625,10195782
2019-12-24,604.9947894429474,606.1594952815756,599.5672488608595,600.5922241210938,7179208
2019-12-26,600.8484229102983,601.850081301643,589.1781045755771,591.8801879882812,14949758
2019-12-27,592.6023529411765,595.8635294117647,591.6705882352941,594.0,7092992
2019-12-30,597.2612830183218,600.405989461671,593.5575403998763,597.3311767578125,9334190
2019-12-31,597.2379170602602,597.2379170602602,591.0417152922982,592.6489868164062,8357056
2020-01-01,594.5125400530261,596.3294928506378,591.9501867634335,595.67724609375,3673698
2020-01-02,595.8635935052428,600.056535132723,595.8635935052428,599.4741821289062,6137166
2020-01-03,597.3543747616177,598.658868195343,588.6889737244671,590.9252319335938,10855550
2020-01-06,587.0118008684359,587.850411903554,575.8306237090371,578.13671875,10890186
2020-01-07,586.4993434976219,592.3461332836704,583.4012142757196,587.2913208007812,14724494
2020-01-08,580.9319783912775,588.0134242921156,577.717435646002,585.75390625,11332110
2020-01-09,589.3412173369028,594.3727698457291,588.4560294308527,592.3228759765625,9546316
2020-01-10,598.2395269513544,599.5440203071881,594.0465857124096,597.5872802734375,9214580
2020-01-13,597.5873212182596,604.0165209733124,594.4659319413395,599.124755859375,7451568
2020-01-14,600.5223688759421,602.1762740209311,595.1647216749543,600.7553100585938,7886290
2020-01-15,599.3111067361606,600.0331903050004,593.5807306974551,598.3094482421875,11787448
2020-01-16,597.2846243130065,601.4542495380118,596.0267075619781,599.8935546875,7150400
2020-01-17,597.1448167751529,598.6123578335282,592.5558861205757,595.4676513671875,16918814
2020-01-20,607.9065416196968,607.9065416196968,583.5176132311803,584.6357421875,22178450
2020-01-21,582.3530111446122,582.3530111446122,576.9487865752724,579.7207641601562,14984804
2020-01-22,581.4445362366947,584.6823960803707,575.0852302757627,578.0901489257812,18368310
2020-01-23,577.6941561282123,580.885439084355,573.501214672443,579.9536743164062,11508920
2020-01-24,580.4895326832202,584.2165922831125,577.27493240423,579.8140258789062,11831756
2020-01-27,575.364755003102,575.364755003102,564.5329893724769,565.20849609375,18888552
2020-01-28,567.8174725762849,572.0104140338276,565.2318025959702,569.8673095703125,13412158
2020-01-29,570.8456565650708,578.625868930549,569.4246926734006,575.7606811523438,13788350
2020-01-30,577.2049667543175,577.2049667543175,567.0720247294748,571.1951293945312,12111984
2020-01-31,573.7108332296785,576.6692318345022,568.492973329783,571.3115844726562,11178268
2020-02-03,557.6612733177518,558.1038388817431,548.6697195962923,555.70458984375,13077010
2020-02-04,558.1271166016611,574.8988830437811,558.1271166016611,572.9421997070312,20897704
2020-02-05,575.3182418709567,581.4212905175305,571.7775466681703,579.860595703125,18020682
2020-02-06,579.8605314139737,581.7473209820521,576.3896734663177,577.6010131835938,11827550
2020-02-07,580.4894309235501,580.9553132918676,573.7807134456975,578.7190551757812,6815448
2020-02-10,579.0684661177814,579.0684661177814,571.1950996008843,577.8339233398438,9219834
2020-02-11,579.2316104494273,584.6824117792048,576.7857278503509,577.9736938476562,11613520
2020-02-12,580.1167700415353,583.704098818843,579.5810507517203,581.8871459960938,6297930
2020-02-13,586.9651981930836,586.9651981930836,574.7124693465487,578.3463745117188,9112140
2020-02-14,579.184890608295,581.6075128494658,566.0470316345669,568.0736083984375,14688858
2020-02-17,570.7058710789495,574.4329298288528,565.7907896043532,567.0487060546875,10152690
2020-02-18,566.9322936266028,567.6776940789686,560.6894582060227,565.2318115234375,10529116
2020-02-19,569.5411497179709,573.0352672009034,565.5345730449556,571.7307739257812,10012268
2020-02-20,573.0353459305833,573.0353459305833,565.6278044749597,567.0254516601562,11123414
2020-02-24,563.228514564523,565.9306552798603,559.0588897598949,563.6943969726562,16568084
2020-02-25,560.9224115714882,563.2518235796754,558.1271171616635,559.1986694335938,13886680
2020-02-26,557.8941784497473,561.2485090083372,552.3734833397964,558.70947265625,13814786
2020-02-27,556.729397599852,560.2235151580101,550.2070448246236,558.8025512695312,20655098
2020-02-28,547.6447647991787,552.0706476282661,545.1289884485627,548.6464233398438,24313056
2020-03-02,559.1519746216763,559.5945969771311,543.2887147008902,549.5548095703125,14664898
2020-03-03,547.4118716524403,552.2337435733383,544.1506945447236,550.5798950195312,22369550
2020-03-04,548.9724726184347,549.7411898936383,527.8912956331067,535.2289428710938,34288870
2020-03-05,537.162394073109,542.7529827364892,532.3870995898052,536.3936767578125,19549708
2020-03-06,524.1176725411502,531.5252136871466,512.936495526939,528.7299194335938,23053566
2020-03-09,517.1294417088652,521.0428650742571,496.16473461255987,515.87158203125,34420590
2020-03-11,514.7999928761268,521.7882280735403,508.7435223717018,518.8997802734375,35538240
2020-03-12,500.82352117336666,503.15293289975443,467.4896450557983,475.8056335449219,59000770
2020-03-13,456.5880002991171,503.82845444558325,428.239070125055,498.4009704589844,66342364
2020-03-16,482.18826927501834,483.1200340465643,463.55297384409977,465.6494445800781,31986322
2020-03-17,469.60943232608736,470.5411970727661,444.7779075141395,454.2818908691406,42676838
2020-03-18,458.8941636221013,462.621222819032,402.9882756681397,408.53228759765625,61181406
2020-03-19,394.60236407895457,428.58848837232307,370.37648104223007,417.220947265625,67220048
2020-03-20,407.6470948343316,426.0960262664663,384.1433223651283,411.30426025390625,88637464
2020-03-23,370.19015249251925,390.75887231703,356.40004449779786,359.4515686035156,50276954
2020-03-24,370.4929514413145,377.3647163375854,344.1705977708533,357.65789794921875,61057272
2020-03-25,358.9390995737512,404.12969222351546,351.8576814302523,399.1447448730469,47228042
2020-03-26,405.3642854901964,436.85795439366626,391.8071183345117,419.806640625,57043156
2020-03-27,440.2355771858335,460.59464364275357,406.2960274682874,421.3673400878906,55235936
2020-03-30,409.9765135933028,413.2376904059768,385.7506286991531,387.45111083984375,39268444
2020-03-31,397.77034227494914,406.99480706067453,390.4094068776613,401.54400634765625,35211092
2020-04-01,402.4524400740415,402.4524400740415,382.02351124322496,386.519287109375,29103504
2020-04-03,392.73886979251273,393.204752200333,377.3647503344428,379.15838623046875,34996280
2020-04-07,407.18121379932654,422.6950918874773,393.8336717898319,417.4772033691406,60412638
2020-04-08,409.95324094333324,440.2588866608284,403.5007523687148,414.1228942871094,56219352
2020-04-09,425.3506308285837,433.68993715538386,414.6353356379403,430.9645080566406,44457146
2020-04-13,435.1341742758095,441.05088661520915,412.8650005941316,417.1278076171875,34158056
2020-04-15,433.503560602156,433.503560602156,392.7388517868002,402.1962585449219,57978752
2020-04-16,402.98825089719423,414.9614335184059,398.9117801511244,409.8600158691406,53854396
2020-04-17,426.28236521123443,428.6117770429898,413.3541295449921,424.09271240234375,55883462
2020-04-20,443.0541529165032,447.68968838432136,435.60003467605725,440.18896484375,66232986
2020-04-21,430.94121834155237,435.13415992541616,423.02121757203196,429.3805236816406,33178006
2020-04-22,428.2157816238388,434.6682409215296,422.69505860889075,432.61834716796875,38289354
2020-04-23,435.59998973533067,446.5482247714593,425.1409254712228,444.89434814453125,40901222
2020-04-24,434.66826521888754,446.50168917234726,431.40708852378333,437.0209655761719,33284568
2020-04-27,440.32874791616473,446.035807137072,431.5468478906257,433.130859375,27421072
2020-04-28,439.6998068235012,439.6998068235012,429.54357611222713,433.9228820800781,29441436
2020-04-29,435.600046312011,462.4814666217291,435.18074077570344,455.21368408203125,55877778
2020-04-30,466.5346113808683,474.73412962544046,462.20188264103115,466.720947265625,43793134
2020-05-04,446.0823401288893,447.2470459777898,427.4470465464814,430.0093994140625,26722324
2020-05-05,436.9976498669374,439.79294400254685,423.04446761964664,424.62847900390625,29672858
2020-05-06,428.14594315501444,442.5882981471858,421.92642423408125,440.9111328125,33785846
2020-05-07,438.16236936826965,439.46683431837005,429.24071060088437,430.9411926269531,21831730
2020-05-08,438.8612161503868,439.76969250780274,431.03439760035076,432.8280334472656,20807484
2020-05-11,436.5318027624707,444.45180345293176,425.81650771067046,426.65509033203125,28550784
2020-05-12,419.7600057409809,423.67342893329084,405.8301118234422,420.0162353515625,49568418
2020-05-13,443.05415423297035,447.2470957556799,429.5901417470769,432.1758117675781,44346966
2020-05-14,418.36238894480346,424.41886005424936,414.63532980052906,416.3591003417969,39554890
2020-05-15,414.8682802916548,415.7534682323334,407.6471030378416,413.7734680175781,24349628
2020-05-18,413.7035996041341,413.7035996041341,387.2880600234504,389.7805480957031,46649964
2020-05-19,401.0548553170285,404.0598025039332,384.8654418100109,386.9852294921875,47460692
2020-05-20,389.68725628745744,402.52230799062806,387.7072565085684,399.3077087402344,40014306
2020-05-21,401.3343761156615,411.8400179452096,397.07154102642323,400.4491882324219,48478908
2020-05-22,396.00005071407895,405.45745800291525,388.10333813338644,390.8054504394531,42047432
2020-05-26,399.26121170104915,406.1329770132901,395.41768195013475,397.1181640625,38005152
2020-05-27,400.6122745466723,423.8597885151024,399.33109798692743,420.99462890625,56025754
2020-05-28,428.6118051710031,442.58827707875315,425.7932223566478,440.3753356933594,75488806
2020-05-29,439.7929829165703,444.9176892853015,430.21910534202704,443.35699462890625,53025166
2020-06-01,454.2353300570312,463.5529778530729,450.08896541371087,460.1287536621094,39190230
2020-06-02,459.6861241126822,468.2117654989054,454.3284770447843,466.3482360839844,41623594
2020-06-03,475.19999469804657,487.4294063263051,473.0802357028555,476.24822998046875,50546088
2020-06-04,478.9503949974145,484.02846735286374,461.7360072400264,466.67437744140625,54275882
2020-06-05,467.32661338612775,485.63581403587267,467.1868543563627,481.4195556640625,35195984
2020-06-08,493.8352865504089,496.93341552407475,468.8640041894878,473.2898864746094,49812664
2020-06-09,475.19999569730885,478.3447015511881,456.35504900442913,459.96563720703125,61844146
2020-06-10,461.2235781488166,465.8125084361142,455.7261714902455,462.08544921875,36497730
2020-06-11,458.8941445191046,460.47815598594246,449.57649691465576,451.253662109375,30897714
2020-06-12,432.3388271909183,459.6628387964081,432.3388271909183,457.84588623046875,42644876
2020-06-15,450.9741171348117,453.7694112492837,439.3270583245118,442.5183410644531,32009936
2020-06-16,454.2353122141673,463.0637888411654,443.520017669628,461.409912109375,45399970
2020-06-17,460.7577161713465,465.36996353137073,453.42006801189376,456.2153625488281,36957838
2020-06-18,456.5647503141819,477.4828813710259,452.8376911279437,475.1767578125,40870126
2020-06-19,474.2449839291457,485.9153320954028,471.5428717579379,481.4195556640625,47877752
2020-06-22,484.2614387152913,487.2896743201905,476.9703962046187,479.2765197753906,29694474
2020-06-23,484.0517987773528,486.84709309175526,473.5927335305896,485.5892333984375,28830512
2020-06-24,488.4776466942295,492.6705878675706,479.8821400370422,481.0235290527344,39429246
2020-06-25,476.08523670430964,488.71063839065346,469.14357755899715,479.2765197753906,70646790
2020-06-26,484.983536770383,495.2329486906024,478.92706609025333,492.181396484375,39969138
2020-06-29,483.12004435733536,504.36427022789616,483.12004435733536,501.3127746582031,46005956
2020-06-30,500.35771355318934,502.4775012889398,492.1116175584384,496.5607604980469,35746130
2020-07-01,496.5607858190201,510.6071527172125,494.4410548455908,505.29608154296875,34846718
2020-07-02,507.9515931231987,517.7118064562576,505.57554743526117,507.53228759765625,36954496
2020-07-03,509.2094325193645,510.5139259089309,498.49413796497714,500.3343505859375,27597254
2020-07-06,516.1742586417298,521.7415861098851,512.4705171974161,513.8681640625,35558216
2020-07-07,516.8498729673468,517.9213682138314,509.2327081767887,514.869873046875,24349850
2020-07-08,515.7317858963519,524.0710917307265,514.8000211521851,517.29248046875,30056350
2020-07-09,520.8565005604632,526.3073016553748,515.8482649781512,524.0943603515625,20114484
2020-07-10,520.8099977443155,521.7883395068076,512.2610662345148,514.8466796875,17562978
2020-07-13,517.0828636027278,518.5270876029222,499.0998151551805,503.2694396972656,29922114
2020-07-14,495.0466501466126,497.98173215280553,489.1765430046395,493.2995910644531,26612674
2020-07-15,498.58727246401384,502.68705992705804,489.2230485234201,490.6440124511719,20974394
2020-07-16,490.8769208644994,496.39761501641124,481.76889870425947,495.0232849121094,23662456
2020-07-17,493.39278339182476,514.3341747326389,493.04337158833795,511.7485046386719,28405738
2020-07-20,528.7764898653795,537.1157956611263,523.7216775257698,527.8680419921875,65124096
2020-07-21,536.7197704521928,539.468430751152,528.3105714998238,530.4303588867188,47512422
2020-07-22,530.407125742883,533.2024202132012,520.6469119655198,524.7466430664062,24718012
2020-07-23,524.1177075165571,532.9228963769175,520.041236458095,526.6334838867188,20149122
2020-07-24,523.1392720605776,523.1392720605776,513.0529083898881,521.368896484375,19598440
2020-07-27,512.4007392820107,513.8682801960905,500.9866206375826,502.9200439453125,37970094
2020-07-28,502.6870264530793,509.86162560044716,493.6023211557345,506.25103759765625,35596450
2020-07-29,503.6188453301683,507.1129631284812,491.76216168272254,495.9783630371094,33592086
2020-07-30,500.3576819247292,504.85345831796695,487.63907005501545,489.4793395996094,26956266
2020-07-31,492.76378674190425,492.76378674190425,475.2233316206492,481.1633605957031,37726696
2020-08-03,477.9720082782848,478.4378906614677,462.62120650057307,466.81414794921875,31783542
2020-08-04,469.6094535260348,494.3245372955837,467.28004155417955,485.2864074707031,60306168
2020-08-05,488.2214234354095,491.8786456601499,475.2000335008773,478.71746826171875,33221360
2020-08-06,483.12006883184796,491.50595237955605,478.111832824189,484.84381103515625,33646888
2020-08-07,482.118398659037,487.8720350251191,475.47957434346284,486.31134033203125,24836784
2020-08-10,486.38121036258593,495.6988580706814,486.2880566336683,489.4793395996094,22172854
2020-08-11,488.4777247720502,498.96007938089247,488.4777247720502,496.9335021972656,20136148
2020-08-12,496.1647824492789,496.6306648741139,488.2447812270838,495.5591125488281,20666432
2020-08-13,497.53909972331843,499.12311130003485,492.2047688479066,493.3927917480469,19892740
2020-08-14,496.58401041222174,496.58401041222174,478.6009629976055,481.9319763183594,20924512
2020-08-17,487.77886931863316,487.77886931863316,475.2932267747865,481.1400451660156,19561012
2020-08-18,478.9270646925284,494.6040174351927,476.13177054062646,492.2047119140625,24040824
2020-08-19,496.16466436900714,498.40092222418224,492.0881941218439,496.9100646972656,17715624
2020-08-20,491.48262979390626,498.00498358848324,490.10829942107085,493.3694763183594,19216734
2020-08-21,496.3510990889611,507.2527581564237,495.97837043675077,505.78521728515625,28924302
2020-08-24,505.9482696406922,523.1626010023112,505.78522218017514,520.4139404296875,36779740
2020-08-25,521.3223426075668,525.0494013572187,515.3590258599623,521.6484375,27601738
2020-08-26,522.2541850107756,527.2624209508879,516.8965372608881,521.066162109375,25190062
2020-08-27,524.490410871614,526.40051727272,515.3823875124955,518.1077880859375,20645996
2020-08-28,518.0378683450753,524.117655901697,510.1411850776518,519.2258911132812,38696610
2020-08-31,526.2141644558503,535.2057174156104,512.7967287494497,519.8548583984375,38501166
2020-09-01,525.5153038893357,532.7830573562773,516.1976566572553,525.189208984375,28877884
2020-09-02,523.698413163885,530.6400725458099,522.1144015732478,528.3805541992188,19761682
2020-09-03,529.8247357769847,533.8778897281048,525.5153237691262,526.8663940429688,19833362
2020-09-04,517.1293688966209,524.3039679112486,514.5204393105017,521.4620971679688,23661370
2020-09-07,520.0645061846334,521.5553070027138,512.0047185314716,517.3623657226562,17615466
2020-09-08,518.9929534005107,521.2292114954615,513.8682473974536,518.2708129882812,14624918
2020-09-09,512.9365894823818,517.1295316307392,508.394235488328,510.8401184082031,15728872
2020-09-10,513.8681745063068,514.7300453832124,505.01641084753993,508.0679626464844,15188088
2020-09-11,510.81672021362573,514.7301436364821,498.96003621877526,502.5240478515625,20794730
2020-09-14,506.87994336038776,509.675237165684,490.27122795983956,492.8801574707031,21650590
2020-09-15,497.56231447137003,501.3592667283542,492.9500681597745,498.7270202636719,16505110
2020-09-16,498.58729230887207,510.60708026771647,497.72542129381543,509.51226806640625,18710112
2020-09-17,505.01662560293056,509.6754505623672,502.22133062726857,504.83026123046875,18318686
2020-09-18,508.7435491390424,508.83670286508107,487.8719961697908,492.57745361328125,23481778
2020-09-21,491.50584827636914,499.12301284477115,485.21643694771416,488.850341796875,19842878
2020-09-22,491.06335166115406,492.97345806947664,479.6259163378624,482.3746337890625,18620678
2020-09-23,487.3129717293432,491.505913168697,481.88543060320916,487.89532470703125,16079828
2020-09-24,483.5859525908961,487.7788943763663,477.5294811229947,480.0452575683594,19809510
2020-09-25,489.17648929289015,490.08493716770005,477.832264939084,486.3811950683594,20321544
2020-09-28,488.68723550235524,493.36937555393087,485.7522110164842,491.13311767578125,16152422
2020-09-29,492.9034975948973,498.4475086111129,489.64232133481767,495.0232849121094,12644446
2020-09-30,493.83527139481464,506.3675174863672,490.1082127427783,502.50067138671875,18813842
2020-10-01,507.85832898017526,517.1293989480084,507.85832898017526,515.7084350585938,21203080
2020-10-05,518.0611936677017,527.3788410358259,517.5953112992955,519.156005859375,16940126
2020-10-06,528.7997900186148,534.8329437703007,524.6766856787656,533.0159912109375,19371990
2020-10-07,533.3887537552557,542.6830845842645,529.9877895979016,541.4718017578125,21248778
2020-10-08,549.7412730177505,560.456569017249,541.9843191049002,555.2387084960938,35060674
2020-10-09,559.5247153902895,576.2964803811725,555.1687266903496,574.689208984375,44972388
2020-10-12,573.7574576839783,578.9753174994802,561.6677760146721,565.4181518554688,19220546
2020-10-13,565.3016450557711,569.5178461278751,556.7293985904237,558.336669921875,18353952
2020-10-14,556.9858231495541,565.7211196720968,547.6448566532804,564.4166259765625,22582918
2020-10-15,565.6743613618266,566.9788547701016,542.2870887036962,544.7329711914062,28246896
2020-10-16,549.7412294562637,560.6894658056045,546.4800526713536,558.7560424804688,25822848
2020-10-19,575.3647468497838,575.3647468497838,555.6113223045031,560.7127685546875,42359556
2020-10-20,562.5529329589159,571.824003021098,561.8075325791795,570.2166748046875,27411978
2020-10-21,573.3149169141342,582.8189300248331,569.1685518412335,580.8156127929688,35640752
2020-10-22,577.6707648290158,582.352904932836,569.7740821862868,574.5726928710938,21913060
2020-10-23,579.324698078978,581.6307929468126,573.5943224668267,575.7374267578125,15866230
2020-10-26,572.9421508966846,578.6258929585825,561.2018812651366,564.136962890625,19571976
2020-10-27,571.1717996882658,575.8306235030151,558.0571992756649,574.4795532226562,24317780
2020-10-28,572.1035581337169,573.9670876390384,559.7576751609615,563.5313110351562,16571186
2020-10-29,559.3384167978385,561.1320527238242,549.0424267871138,553.0955810546875,23060024
2020-10-30,550.9292591979012,558.7327894592289,548.0407541729544,551.3951416015625,11522716
2020-11-02,556.4265609121364,570.705865994571,548.5764548641692,566.1635131835938,21926080
2020-11-03,571.3814171029953,582.7023815841136,570.9388515941085,581.3978881835938,28164230
2020-11-04,583.2847000195425,589.2480168254118,573.0352883578572,585.8004760742188,23404822
2020-11-05,589.8071116827988,594.4659356297403,583.4478056211416,591.2979125976562,21433928
2020-11-06,589.9235782237172,610.3059328513875,589.5741664300999,609.2111206054688,35705724
2020-11-09,612.7285315325323,627.054415842243,612.7285315325323,624.5386962890625,26288440
2020-11-10,632.2023772725429,649.9059073656576,629.6633410994561,649.2769775390625,41517356
2020-11-11,652.1888481558075,659.130507981957,638.4918928561706,647.5532836914062,36116194
2020-11-12,641.7064059916323,646.9010059383767,633.6000411498976,639.0508422851562,27053948
2020-11-13,637.6997780505568,637.6997780505568,627.543520158041,633.0409545898438,22472480
2020-11-14,637.2340095057151,640.5650233786753,636.0226696932782,638.119140625,1835066
2020-11-17,645.619927061055,658.1055426974898,643.1973041796572,656.172119140625,31059900
2020-11-18,653.6329454674019,661.087063163395,651.7927329093654,656.2884521484375,18862776
2020-11-19,647.4366831341912,651.9790360753676,637.3270588235295,640.285400390625,20266882
2020-11-20,639.4934377445903,656.1487322426384,635.9527431554501,653.935791015625,20405362
2020-11-23,659.223555202943,663.253449087629,640.7513078120443,649.7195434570312,25246636
2020-11-24,655.9623580026505,673.2000051944815,653.1903807294234,670.031982421875,40154400
2020-11-25,676.1350892977126,682.2381368168991,650.8376544957778,653.539794921875,24152602
2020-11-26,659.2235212927192,667.1435211951758,646.1788155710258,664.6510620117188,27943126
2020-11-27,667.0504002354771,673.6659071425177,659.4798117216003,671.2666015625,17994580
2020-12-01,671.2665842240124,675.0635368162108,664.1153014020073,667.7492065429688,17147574
2020-12-02,666.6776377105354,667.0503663358236,649.8127195187099,655.47314453125,17892150
2020-12-03,665.745888015464,667.1435350861752,640.1456752517646,641.6131591796875,37933222
2020-12-04,643.3835637642517,652.9108356424312,639.7962922032295,645.526611328125,26912322
2020-12-07,640.5883055172845,642.8944006689825,632.71488151539,639.30712890625,24316318
2020-12-08,640.588177903527,647.0173765462821,635.9992485122616,641.19384765625,19457896
2020-12-09,641.5200355541075,656.9174709203267,640.6115876636862,655.5896606445312,22069074
2020-12-10,651.3036101050279,653.1671397476747,640.9377264678056,645.6431274414062,19727966
2020-12-11,647.5997538169785,649.9058485960943,639.6564373637545,644.2221069335938,21356384
2020-12-14,644.315310329391,646.6447221527077,637.3270748594409,639.260498046875,17222050
2020-12-15,643.2904248616038,649.8826151632962,636.3953427628618,648.1821899414062,21561436
2020-12-16,654.0988258162928,660.0621427029507,649.6729434478776,657.22021484375,16832092
2020-12-17,660.9007233337297,673.2000293618969,654.3317932448334,671.709228515625,21924478
2020-12-18,668.5412007096832,670.7308250997335,655.1703994436521,657.5230712890625,22995918
2020-12-21,660.3883459292866,663.3466879919946,636.7214956867946,639.4935302734375,23761824
2020-12-22,645.1539833124564,645.1539833124564,626.611840669391,639.703125,22851558
2020-12-23,637.0941604754499,643.3602557955827,634.0892418451367,640.89111328125,15467394
2020-12-24,647.2970056798262,654.0988772169751,641.5200526551101,650.88427734375,14952188
2020-12-28,654.5646977419433,662.0188152963,654.098815394796,658.2218627929688,11699194
2020-12-29,662.0422173256148,668.4247835544119,661.553018050019,664.9073486328125,14495346
2020-12-30,670.8241283008254,670.8241283008254,658.2918794482166,667.3765869140625,16216726
2020-12-31,668.5412417549636,672.7341833408832,663.9057346386942,669.1469116210938,22145750
2021-01-01,670.8706194358238,672.2682665596484,661.8324899943431,663.9057006835938,8810938
2021-01-04,669.9389275157519,669.9389275157519,651.7695129308323,659.6895141601562,15740192
2021-01-05,661.1802595459679,666.5612238531063,656.4282819563354,664.6743774414062,14386824
2021-01-06,668.5411197470582,670.8705313141212,658.3382857092427,661.8091430664062,22134050
2021-01-07,667.3764967350231,667.4230735980611,658.0821661778708,659.805908203125,19894842
2021-01-08,667.1435772462953,671.8024011097472,662.9972126337416,666.9805297851562,13768764
2021-01-11,675.5294493534971,682.4711081726593,669.1468835112166,676.2049560546875,17331392
2021-01-12,676.6707772603617,693.0931296307018,675.1100828063389,689.9717407226562,20388156
2021-01-13,695.5158467856361,697.379376386846,681.1666461081561,685.1499633789062,16934650
2021-01-14,685.3828384996627,693.2329448138298,678.3247094414894,684.2647094726562,12297166
2021-01-15,684.4278271278918,685.615850004148,673.2000725854961,683.2864379882812,14165236
2021-01-18,684.8005097174363,700.1513111208578,683.4494394650668,690.9501342773438,42825632
2021-01-19,695.0033390897886,704.2510927173035,683.4494336192288,700.6171875,17360254
2021-01-20,699.2894379153008,699.2894379153008,692.3012023598515,695.0964965820312,13346052
2021-01-21,695.0965284124685,696.1913406588754,683.9852447445681,687.0833740234375,26333054
2021-01-22,683.868822839449,683.868822839449,670.9405855493311,672.5245971679688,15392364
2021-01-25,682.5641653799971,689.9717055305359,677.9286591139579,681.5159301757812,20344718
2021-01-27,683.9153684499677,685.7323211979973,655.1005531628573,656.7078247070312,23556276
2021-01-28,647.5299515080465,652.8410221795793,625.2141734367799,638.9343872070312,42704446
2021-01-29,648.2054979628697,656.3118634983516,635.6965662775516,647.8095092773438,28704502
2021-02-01,657.0105839837964,690.6705837659835,652.7011722469766,687.9917602539062,26370544
2021-02-02,699.2893985040394,735.3952801723026,697.6122334393361,727.03271484375,42420206
2021-02-03,735.6282530055202,736.8861126405844,718.3906055316733,733.6715698242188,20237254
2021-02-04,729.5718178288212,739.8212303398263,719.0661472568776,735.6748657226562,24484684
2021-02-05,721.1859458069237,753.9141839806551,721.1859458069237,744.293701171875,27054716
2021-02-08,754.7294924916777,760.157033858061,743.4085273561383,747.8577270507812,17447580
2021-02-09,750.0706850622241,758.4565684977024,739.2156020892459,750.9325561523438,18421366
2021-02-10,749.3019453067199,752.3301809012268,730.0377194757463,736.9094848632812,19788006
2021-02-11,737.0259277239086,744.3868921016784,728.7331985828974,732.5301513671875,13648618
2021-02-12,733.2521839432875,741.9175835926445,732.8328784874284,737.0025024414062,9910106
2021-02-15,745.4583874803633,757.0588701571608,743.8743760087222,753.1454467773438,10355244
2021-02-16,755.2884217902385,764.5129148084836,749.3484219951087,757.8275146484375,13897358
2021-02-17,754.7293724639537,755.5679834037409,737.49172630274,739.122314453125,12794426
2021-02-18,748.1838130338533,748.1838130338533,721.185950864325,724.1210327148438,14720560
2021-02-19,719.7883294323337,728.7332490305126,714.1977404658691,717.0396118164062,17139508
2021-02-22,719.811521915512,733.2522158590447,717.20253535234,721.1858520507812,29451838
2021-02-23,723.8647479080247,725.7049605608184,709.375817264446,712.404052734375,18239906
2021-02-24,711.1694734468092,751.9108659969904,706.3941789149849,748.416748046875,14314332
2021-02-25,749.9541883076643,762.3000718238334,746.3435997321809,748.3934936523438,20109570
2021-02-26,739.3785693922811,740.2404403226598,708.6070189633014,714.849853515625,27912846
2021-03-01,728.640026799245,732.6233438115595,717.7849448283059,726.2640380859375,13536018
2021-03-02,734.0907973180748,739.5882318050076,722.5835260028767,730.5966796875,16110038
2021-03-03,737.9577079843609,743.5482966812122,729.1059425476798,739.2854614257812,11222410
2021-03-04,721.4421656139571,731.9012020549309,717.0395431025222,723.07275390625,16291438
2021-03-05,713.2659922880285,720.0678643152556,708.6537449089482,712.8001098632812,17445822
2021-03-08,718.3906175287667,724.4470883639638,704.6470875565886,707.9082641601562,15117050
2021-03-09,719.7882814453125,729.432024021368,716.6435753613281,727.9412231445312,15066696
2021-03-10,732.3670974233689,733.7647445558563,723.1193436041591,724.7965087890625,11055016
2021-03-12,745.4118566502228,745.4118566502228,715.1528168424925,723.0261840820312,15631204
2021-03-15,721.3721963364137,721.3721963364137,705.9515029040786,712.1710205078125,12230386
2021-03-16,713.219364666622,717.645247386773,703.482411308208,704.4840698242188,13722366
2021-03-17,710.1211769097512,716.9929416198833,694.257860034132,696.6571655273438,21064428
2021-03-18,704.2976125490737,709.0962232974033,690.0416246216812,694.6305541992188,18065540
2021-03-19,691.8354052000731,704.0415020588046,686.73401536444,697.658935546875,21235020
2021-03-22,696.4475821404212,696.4475821404212,680.3746400095504,684.4511108398438,14015632
2021-03-23,684.8470681114331,702.2943397175386,684.4277626140187,698.8934326171875,19761428
2021-03-24,694.5840649453481,701.8285019700834,685.3129940326869,688.9468994140625,16368900
2021-03-25,694.2580171129815,696.7505337630244,675.6460356385925,681.7490844726562,23964356
2021-03-26,696.0282453651673,698.3576571635782,686.7105981715239,694.7703857421875,12021258
2021-03-30,701.9216988192317,727.9645352211458,699.5457100566057,723.8414306640625,25607644
2021-03-31,721.1859305763878,721.1859305763878,693.2329875307913,695.865234375,30774506
2021-04-01,698.5440583003154,698.5440583003154,682.5176929084517,692.650634765625,35763762
2021-04-05,689.5059141703206,691.8353260425176,666.6776778227897,675.3430786132812,16006586
2021-04-06,680.1882370410952,681.4228366536412,667.4463660295091,670.987060546875,15075734
2021-04-07,670.5446108839972,678.6509197498997,662.2751976696493,674.2250366210938,25088180
2021-04-08,676.9270977085577,680.6075798822934,666.4447441652386,667.5162963867188,17613592
2021-04-09,664.3482862847833,667.5163092761001,659.2701568738823,662.3682861328125,28157816
2021-04-12,648.9741463293542,651.7694405705431,630.3388513880949,636.884521484375,22549128
2021-04-13,637.3270929150924,655.2402475957199,634.065916270059,652.3983764648438,18600682
2021-04-15,654.5648457040954,669.3332966988611,648.0424913696774,666.2584838867188,34444984
2021-04-16,668.5178493633546,673.1999896868467,663.1835192520597,665.5828247070312,15606526
2021-04-19,647.5764315799108,660.4813492308609,639.3303371777371,658.01220703125,24069242
2021-04-20,663.8823964768933,664.5346431878645,644.7579018863605,648.228759765625,23186270
2021-04-22,642.9176512384666,664.72096824602,638.7480269006979,662.7176513671875,38485312
2021-04-23,656.4282092518963,668.3547856399512,652.3284219605015,658.8275146484375,22713528
2021-04-26,658.2917701949979,665.7458879042123,653.5164760375324,654.4715576171875,30170952
2021-04-27,655.6129755923002,671.8023882068552,654.4715865158399,670.2649536132812,20592906
2021-04-28,669.1235830445929,689.04005522921,666.6777004956049,688.01513671875,24103940
2021-04-29,692.3943454125842,700.5240267723495,680.6541326085659,686.0117797851562,24078552
2021-04-30,673.1999666452368,677.2997538961505,655.7293792755509,657.9656372070312,35232902
2021-05-03,648.9741913343149,662.4382042371565,641.6598603108004,658.9673461914062,22473700
2021-05-04,656.8707864882977,662.9505738100507,644.4550675488944,646.8077392578125,21486328
2021-05-05,652.7011938278339,656.7077707955938,643.7096414287955,653.4465942382812,14421612
2021-05-06,655.776052406065,657.2669102027188,649.9059455621662,652.6546630859375,11477044
2021-05-07,658.2685665996236,663.8591558435271,657.0107067679112,659.107177734375,12048334
2021-05-10,664.8141636900286,666.2118108456489,658.1986565682562,661.4830932617188,11060050
2021-05-11,650.3718472671749,663.5097085397368,649.9292817238612,653.8892822265625,14519034
2021-05-12,652.1187899181697,656.2418371551098,647.0406611587648,652.0023193359375,13774926
2021-05-14,649.6031268632764,651.7229145764641,644.0125379445341,646.1090087890625,10604142
2021-05-17,649.9757777493439,672.0818727050178,643.5233185186172,670.987060546875,15120692
2021-05-18,679.6991536987855,690.787178365754,677.8589408343768,687.9685668945312,22165280
2021-05-19,684.9401974873838,688.9700911258076,676.7174196350752,679.349609375,10130916
2021-05-20,679.4195570658875,682.9369917808087,665.5129794058325,667.5162963867188,10684184
2021-05-21,672.2682979911269,699.7087825125944,672.2682979911269,697.5657348632812,19341646
2021-05-24,700.3377171165229,708.3508716405386,698.1247757186825,703.4591064453125,22146102
2021-05-25,703.7152731430117,705.2293907449414,685.0799795808001,689.0166625976562,19236974
2021-05-26,689.5059832261073,692.7671601737984,684.8471590151202,688.1316528320312,12283990
2021-05-27,686.2913399610924,693.6988813645199,681.3296811145242,690.7405395507812,20439496
2021-05-28,694.58399684792,704.8799852585144,688.9235150039842,700.4307861328125,17750020
2021-05-31,698.8235396437208,707.9082456590891,693.0000101466898,706.207763671875,15661054
2021-06-01,708.2809868888664,711.4023760066137,702.2011992377004,704.2743530273438,11030162
2021-06-02,703.482305648479,703.5754593646432,695.5623061809134,700.68701171875,10624016
2021-06-03,702.5506144418275,710.4472978705807,693.1164964428573,708.3974609375,10287260
2021-06-04,706.2777272726534,708.4440918339504,698.450880106164,699.2661743164062,9424476
2021-06-07,703.4823795446339,705.3459090268713,696.9600263568028,698.753662109375,8091668
2021-06-08,697.2163535441731,699.4292950237635,690.2048004238322,690.9269409179688,9872540
2021-06-09,691.3228560658164,699.7553155380998,685.8021613885485,689.6456909179688,10223442
2021-06-10,690.4843817179428,693.6989820619575,686.5476976840927,689.9952392578125,11483540
2021-06-11,694.6306589694518,697.2163290397356,689.9951518338157,692.4642944335938,7205974
2021-06-14,688.690658691659,692.3012472963337,681.3763277503531,689.2496948242188,8881964
2021-06-15,692.3011889292118,696.9600125424635,687.083329230532,694.2811889648438,7569602
2021-06-16,693.2330594959991,696.028354090741,688.6208120405921,691.6490478515625,7702098
2021-06-17,682.9836355338933,688.9236364568519,680.1883409819129,683.0302124023438,9283802
2021-06-18,684.6141694154071,694.1647583728865,677.8588747869461,689.4127807617188,11938060
2021-06-21,680.8172102081012,695.0033629173906,679.722397980227,693.55908203125,7260472
2021-06-22,697.4259924691225,702.5506991606125,689.5059912186382,691.2763671875,14366824
2021-06-23,694.1647691190624,697.7986745512052,688.8536984376266,692.0682983398438,7844868
2021-06-24,694.1647627074689,705.089682030104,693.2329979253112,701.7353515625,14785024
2021-06-25,703.9949297496103,709.0730596189934,702.0848231575709,705.8584594726562,10383176
2021-06-28,708.1411637351097,709.5388107687974,701.1529285666711,702.713623046875,9356786
2021-06-29,705.1233878844295,705.6848435152247,698.1751031497531,702.8073120117188,10971692
2021-06-30,700.912318001838,706.0592041820919,699.0875014782571,700.8655395507812,9679022
2021-07-01,702.783893139398,702.783893139398,693.8938172608038,695.6484375,16911442
2021-07-02,694.8295686879264,696.8181381606023,691.0863790923012,692.67724609375,14827036
2021-07-05,697.1456124467544,703.9535610583405,694.6190052787583,699.7190551757812,7373882
2021-07-06,700.4444675110971,720.5641148744752,699.9765687352045,718.084228515625,17669032
2021-07-07,717.756635169698,723.0672742086946,714.8088503924621,720.330078125,9629190
2021-07-08,713.5455269010719,719.4878176227463,708.1412739982538,711.4165649414062,8420922
2021-07-09,707.720290297635,709.3345181684837,700.6783911327865,702.783935546875,10695842
2021-07-12,702.7838615001891,702.7838615001891,694.3616847312122,695.765380859375,14458978
2021-07-13,700.0232664310304,704.7022536501623,694.408481768072,702.7136840820312,18178142
2021-07-14,700.6783341056623,705.2871250803108,697.683770870483,701.4503784179688,9788494
2021-07-15,704.187582188956,714.3643794730821,701.6843354297325,711.5335693359375,10438802
2021-07-16,714.9258856885684,715.8616832062033,710.6446577386265,712.3056640625,5170628
2021-07-19,695.765432641751,696.6310338952321,685.93955901332,688.279052734375,25111600
2021-07-20,674.7098909390189,680.3246750522425,671.9726951071301,675.2479858398438,24174250
2021-07-22,681.3073105627461,687.1092660782373,676.113646226117,677.8448486328125,13207114
2021-07-23,679.1550270970288,681.9390017779525,671.5750902888267,675.0609130859375,13126684
2021-07-26,669.0951591045279,675.645741081775,668.2061401271644,671.22412109375,13167166
2021-07-27,671.9493238181005,678.4063488416765,671.9493238181005,673.6571655273438,22401430
2021-07-28,671.4580337267465,673.1658182413217,656.9297566466004,663.15283203125,20670342
2021-07-29,668.2762767483102,669.0716816422677,661.2812144645997,663.5972900390625,13702230
2021-07-30,663.9483202569891,669.9140292656406,658.7780162695392,667.4341430664062,11655488
2021-08-02,671.4346657200673,671.4346657200673,662.6615646871396,665.6561279296875,13258786
2021-08-03,659.7372352838776,673.7274192851925,659.7372352838776,671.2943115234375,12033120
2021-08-04,674.2420380634766,689.9166447776518,673.7741393555907,685.6119995117188,22053948
2021-08-05,686.4542574820925,705.1468471625391,681.9156623692116,694.7594604492188,18822408
2021-08-06,694.151251218732,701.8481632288552,689.6827950662217,698.4091186523438,13339270
2021-08-09,698.1049062784269,705.2871403721247,690.6185265864331,703.6729125976562,10998048
2021-08-10,696.7012282897388,711.0891146362193,696.7012282897388,705.4275512695312,14838346
2021-08-11,708.8197821888172,710.6679592857763,697.660409142684,699.4851684570312,12585786
2021-08-12,700.4444079659049,705.4041231454273,696.8416105444284,702.503173828125,8597674
2021-08-13,702.4095267761425,716.3529313032537,702.3159698799373,714.1069946289062,16658428
2021-08-16,714.0836450209575,718.2245372816506,711.8844867606579,716.165771484375,6252778
2021-08-17,709.8958661728431,713.0776000960025,704.3279174821225,708.7027587890625,8282666
2021-08-18,728.377938007942,732.4252734894459,705.7550455915143,707.9307861328125,22985932
2021-08-20,695.3209025897706,711.112484091962,695.3209025897706,708.7495727539062,13150406
2021-08-23,715.8148667910151,717.3589554598426,705.8954364767717,713.3583984375,10843054
2021-08-24,715.8850444307441,732.0275503345746,714.6918798434089,729.3839111328125,18381314
2021-08-25,726.2256192151633,732.1679674526881,724.3072458142872,728.7055053710938,7727974
2021-08-26,725.2430159343049,735.0688890534149,722.1782564719654,727.4889526367188,11119002
2021-08-27,726.1788857336068,729.2904239546797,723.0205690591855,724.517822265625,6382138
2021-08-30,727.8632353130765,734.6009882849862,725.9916404384651,733.7821655273438,9049166
2021-08-31,731.5596599538288,740.8474382651433,730.9513687618706,739.93505859375,12062576
2021-09-01,736.9405133137502,747.702184301824,736.7065639444443,738.85888671875,12422558
2021-09-02,736.5193863022039,744.8947850702093,735.1858863326421,743.4910888671875,9618524
2021-09-03,742.1341103203025,747.7021162261457,733.8055478012244,737.4317626953125,10735334
2021-09-06,739.2564843015584,739.7243829737621,730.8343082018926,732.5889282226562,7876896
2021-09-07,731.0918054706792,740.2158312029533,727.6761217089012,734.2501220703125,7245496
2021-09-08,735.5133365404894,739.5138932608036,732.5421912271912,737.5955200195312,6724080
2021-09-09,736.4725873700415,739.0226125546611,730.3899039927794,733.9459228515625,8250948
2021-09-13,730.8577675105819,741.1515388839704,726.9508247989902,727.83984375,8959164
2021-09-14,729.9220541014536,732.0275984882848,723.6521993929138,724.5646362304688,9758506
2021-09-15,718.2245606360663,727.4889784667846,718.2245606360663,723.7457885742188,14822998
2021-09-16,719.5112913673174,731.9340258288291,718.8328610372279,729.8986206054688,10260550
2021-09-17,734.133070294954,743.4910444223593,729.5476401259087,740.2859497070312,20498102
2021-09-20,731.7936589486027,740.0754441348419,728.9862663950914,729.8518676757812,8781610
2021-09-21,730.857800489461,733.9693384001288,715.3937249500291,726.1553955078125,14774996
2021-09-22,724.7751455141527,725.3132404864232,715.8850694878332,717.6162719726562,10582202
2021-09-23,721.4998486172622,735.5368106526174,721.4998486172622,734.6010131835938,13664304
2021-09-24,738.812081199107,752.3577263390091,736.940486313232,749.3632202148438,20806702
2021-09-27,755.9839427357285,765.248360283423,752.3811454208159,760.3822021484375,16415462
2021-09-28,763.6106695972712,763.6106695972712,740.2157348669626,755.6798095703125,12773790
2021-09-29,747.2342683926307,751.7260847567792,741.6896798907969,745.7603759765625,16263036
2021-09-30,742.0873538076034,751.6090811295566,740.7304361257566,746.2750244140625,15975348
2021-10-01,740.6836663870009,743.4910586790553,732.3784641896735,740.5432739257812,11128596
2021-10-04,743.4910076345233,749.2695449489665,740.9643433218346,741.9703369140625,7051028
2021-10-05,744.8947444690965,747.4681873677021,737.5253398049078,746.5089721679688,10257178
2021-10-06,746.7663223214056,761.2009857374555,742.5552340376382,755.609619140625,18600830
2021-10-07,761.0841230818784,761.5988003023383,751.9133186707471,753.5509643554688,11265724
2021-10-08,754.2527714983781,758.9317589146212,748.7081828334393,749.8779296875,7245562
2021-10-11,748.5911640642425,769.6933846455007,748.170043798271,764.4529418945312,13080848
2021-10-12,760.3354701381298,768.0792173113862,760.3354701381298,762.48779296875,8176946
2021-10-13,765.9502737348906,771.0971601191812,762.6749823994329,767.0732421875,6225644
2021-10-14,766.4181393559124,790.7488739386398,766.4181393559124,789.5323486328125,14757288
2021-10-18,797.7673126363635,807.125286978139,780.0105791694615,781.53125,28856456
2021-10-19,783.9409057808846,791.8951842055869,781.8587792751537,790.1405639648438,8987540
2021-10-20,790.327716219395,794.8429502889365,778.7940013526002,783.1922607421875,10908568
2021-10-21,782.233078871667,786.982205040292,777.1095537754028,784.338623046875,9738190
2021-10-22,786.1166307748242,799.1710165314034,781.7417891509615,786.4207763671875,12175554
2021-10-25,790.748886264946,790.748886264946,755.0950244172517,775.3082275390625,16426766
2021-10-26,772.0329195806469,783.1922930858217,770.3250777594776,773.3196411132812,12090656
2021-10-27,773.3196934581074,779.0748711857041,766.090680295695,768.6641235351562,13249642
2021-10-28,772.0329334003637,772.0329334003637,742.6255085423319,745.6434326171875,17797750
2021-10-29,743.9590128781347,749.5737978809885,729.9220503710001,740.613525390625,12406874
2021-11-01,741.6194314974399,753.7847975661676,740.9410012363768,751.1177978515625,8122320
2021-11-02,751.4454016168362,758.931781707664,748.6614268671785,751.7963256835938,13237722
2021-11-03,751.0241896681732,753.2701262679756,737.1978173950451,739.9583740234375,10207338
2021-11-04,746.2985064756734,747.6320064902674,744.0057911766709,745.8071899414062,1096808
2021-11-08,744.9415577689133,750.8370703527786,734.8115388253409,748.7549438476562,18943580
2021-11-09,746.1113342173927,746.1113342173927,734.1565554425947,735.65380859375,12695476
2021-11-10,733.6652329307989,734.1331316762905,725.2430555119505,727.6995239257812,13714126
2021-11-11,725.2664546194623,727.5357520533504,718.5052836512886,724.4476318359375,7999404
2021-11-12,725.2430323240301,729.4775386819591,722.9269564545162,726.646728515625,14914092
2021-11-15,730.9045511883169,735.4665635341739,727.3017540284615,728.63525390625,9533594
2021-11-16,727.582542163149,728.6118965466009,721.3126876112315,724.3072509765625,8245406
2021-11-17,719.1135089681062,722.4355782478812,715.1831485439678,716.2593383789062,7598878
2021-11-18,714.0368884967193,722.2016985884679,713.6625466615229,720.2833251953125,9152874
2021-11-22,723.3713798098189,726.5062782081744,701.403559006971,709.0302734375,15261272
2021-11-23,702.7839115916332,714.8557220008774,700.1402722718575,709.1239624023438,11235214
2021-11-24,713.0776758128465,718.8562137965511,708.422106222235,710.293701171875,30802286
2021-11-25,708.7730260715878,717.4291526623336,705.1233930948175,713.9900512695312,10251652
2021-11-26,701.8480801025066,704.9829786803473,694.8295993014816,697.122314453125,18624936
2021-11-29,699.4149985992442,705.4274854622762,684.0678984147324,702.4329223632812,12990996
2021-11-30,699.5085694410911,715.4171255354036,695.5548481995625,698.8301391601562,25221542
2021-12-01,699.508569747121,705.1467720355122,696.7479559415331,704.0238037109375,8677634
2021-12-02,703.9535762181189,715.3235371851069,701.8480321217536,713.8964233398438,11203110
2021-12-03,713.9199310376165,718.6690576265519,705.1468295311404,708.1881713867188,8124694
2021-12-06,707.9308053003743,710.6446408837688,700.6081784752469,703.6261596679688,7029532
2021-12-07,708.3752369718545,716.8208316271332,706.4802814453766,713.873046875,12427534
2021-12-08,718.6924370302457,727.6059305314374,717.7566395861959,727.0210571289062,15295534
2021-12-09,722.9970009354504,727.4420382936756,712.1417746546098,714.4110717773438,11747744
2021-12-10,713.4987204148438,714.9491949236455,705.8017527309845,712.399169921875,7779384
2021-12-13,714.0134703454731,719.464502037147,705.2169512717943,707.065185546875,10322142
2021-12-14,703.0178635846237,709.3344966351345,700.4678382738138,702.9944458007812,9191100
2021-12-15,703.2518408203125,712.7735692244768,699.812796335419,701.84814453125,10115148
2021-12-16,707.8372458051468,709.8023976917555,699.0407265336075,701.8948974609375,13210432
2021-12-17,700.4443715150442,704.6554599209462,686.7349164136573,689.2382202148438,14994768
2021-12-20,679.3889963331386,682.1963888799697,661.6556219890123,667.0598754882812,21156668
2021-12-21,673.5402650834045,678.8041261339001,669.0952268629861,674.616455078125,9118750
2021-12-22,679.5294023303934,681.2606049221063,671.7622371030151,676.207275390625,8577484
2021-12-23,679.9737894341596,682.1027513772324,672.3002392895576,675.6925048828125,9779166
2021-12-24,676.347641805039,679.3889836741034,668.1594136960191,673.259521484375,5561024
2021-12-27,668.580460708177,680.3247065996217,665.4221444980343,678.8274536132812,4705098
2021-12-28,683.459695192528,686.3607017715158,680.0440685179192,683.5065307617188,5450678
2021-12-29,681.2839891435909,683.6000650800983,677.2366535841128,680.2545776367188,7668702
2021-12-30,682.4302272946713,686.3371698637603,676.1135950913953,683.8339233398438,7215918
2021-12-31,683.8340127004611,694.7360762558859,683.8340127004611,692.2094116210938,6325736
2022-01-03,694.8295953810808,712.6097466433577,692.7240511526534,711.0422973632812,9069184
2022-01-04,711.2061078358669,717.242013200678,705.4977658695926,715.2066650390625,8857352
2022-01-05,719.066759647386,735.5367713761124,714.9960066045779,732.1912841796875,14332638
2022-01-06,721.96769225549,727.4655019664439,715.9084269525865,720.447021484375,9628930
2022-01-07,722.4356068198455,733.0803024514203,718.6456386996041,725.5003662109375,11179384
2022-01-10,728.9861970473102,735.536779049019,723.137463117213,729.5242919921875,8856496
2022-01-11,730.6472691784858,733.992699333782,724.2136617774655,732.6826171875,8389198
2022-01-12,733.6651922663265,737.7125276138084,726.1788127534048,728.3545532226562,21085530
2022-01-13,727.5824837410013,727.5824837410013,711.393200027693,714.94921875,41963896
2022-01-14,715.8850170593487,724.634699976791,710.7381313157847,722.9736938476562,11208968
2022-01-17,715.8850984200419,728.0504661056112,710.8084083284119,711.907958984375,22989372
2022-01-18,717.2887388550224,725.664137379117,712.6097516478794,715.5341186523438,12341152
2022-01-19,717.7566217187649,720.4470393034343,708.0945019261654,710.4807739257812,14317626
2022-01-20,715.1598118180823,715.183229601881,701.8948938601593,706.0592041015625,15197846
2022-01-21,701.8480503767886,715.7914544908904,695.1102976698634,711.9546508789062,11537694
2022-01-24,706.503691119895,711.7909698146024,686.664829914109,695.6016845703125,11868508
2022-01-25,682.5004800615633,699.5085871279545,675.6457523831212,696.2567138671875,13594248
2022-01-27,678.4531469966787,694.8296022690124,671.4346661656787,690.127197265625,28617838
2022-01-28,691.3203274537698,695.6249726359689,683.1321002250448,684.6527709960938,24925208
2022-01-31,689.0979599295168,697.8944802445983,686.3139849071306,695.1572265625,12842546
2022-02-01,705.8252323535418,709.8023715481092,689.4253590634428,700.4443969726562,14739484
2022-02-02,707.439482390718,718.2245712750496,704.4683367927917,716.446533203125,13969290
2022-02-03,715.3001273507508,720.5405698688631,706.0591281584843,709.0302734375,10564762
2022-02-04,715.1364636851665,717.218590284089,708.4454886877073,713.0776977539062,11579958
2022-02-07,707.5096208566665,710.7381333465257,683.1321097339879,686.9454956054688,12268042
2022-02-08,690.8056293716563,691.76478740517,675.9030676903482,683.9976806640625,13981130
2022-02-09,689.6827595813908,701.7077346460622,686.4074683215063,700.7251586914062,11308342
2022-02-10,708.3986816790235,718.4585044373451,702.6201437504593,713.5923461914062,14314530
2022-02-11,701.9651241551181,713.5456186212665,701.6142000803864,710.6680297851562,10711104
2022-02-14,697.1690690864813,701.5906889934671,687.4835887585406,689.5422973632812,14656620
2022-02-15,690.6185668794573,713.4988275713342,689.2382883898335,710.1767578125,13135066
2022-02-16,717.9204346111028,718.1076055341441,705.1234152402379,709.217529296875,10032264
2022-02-17,707.9775243494109,712.1418342780244,702.7838601087993,704.889404296875,7351208
2022-02-18,701.0527049227635,709.8023885133234,697.3796541208723,707.6266479492188,7796128
2022-02-21,703.7197642192749,716.2126387826645,699.7660423799556,712.188720703125,7468066
2022-02-22,697.0755159478297,712.1886099012698,696.209857647376,706.8545532226562,9536196
2022-02-23,713.592352667638,713.873080486644,699.8127577039627,702.2692260742188,9029562
2022-02-24,678.4064099406461,690.127239373635,658.4037383518357,664.135498046875,23630766
2022-02-25,673.7507362909885,685.8927422957805,670.4286668157401,681.3073120117188,18318654
2022-02-28,667.22366251164,673.0958150669005,661.6322949185588,667.3406372070312,24880832
2022-03-02,648.7415860755369,654.3095923595013,633.7220483369093,643.0098266601562,38505560
2022-03-03,646.1681228737863,651.3150087185448,637.699167588901,641.4891357421875,17527922
2022-03-04,636.3422035080497,648.5075691633507,625.5337554453015,639.383544921875,21219364
2022-03-07,616.9245293502244,623.4049159030243,606.8881235623637,619.872314453125,27054458
2022-03-08,609.2977469385984,624.1769504634315,604.5252023978661,621.2760009765625,39212492
2022-03-09,622.3053420795318,643.2203935118266,617.0882595553301,641.5593872070312,23134694
2022-03-10,667.6914658500247,667.6914658500247,645.8172009386801,651.6425170898438,22273206
2022-03-11,649.4434424176493,659.2458980426811,642.284568944958,653.5609741210938,15150780
2022-03-14,662.0767131349869,678.4531689369124,662.0767131349869,674.9673461914062,25018126
2022-03-15,675.4118058493968,678.219198184067,660.5560214117672,666.2877807617188,18867928
2022-03-16,677.0494294773479,680.7926191358266,671.996100591785,677.5875244140625,13364108
2022-03-17,688.746881415176,697.0755010615136,688.0684511517023,692.5134887695312,14823954
2022-03-21,695.7653214050149,698.8768589798646,689.1211831460807,695.5313720703125,12257876
2022-03-22,693.0982925838058,700.912177186467,681.82188943384,699.1107788085938,10461814
2022-03-23,705.123411414872,710.6446394736307,689.4955818487248,692.1392211914062,31188256
2022-03-24,685.93952279829,687.6473645478017,671.22413091639,675.0140991210938,20160044
2022-03-25,678.9209874344103,679.3888861163086,663.9482296136653,669.5162353515625,16366462
2022-03-28,669.5163154473864,672.8383850629837,655.8068595810566,670.4053344726562,15754886
2022-03-29,674.2420203619799,683.2490702523118,669.0951347103618,679.2953491210938,12377448
2022-03-30,688.746973305781,693.7768849654531,680.3482134276455,691.0630493164062,20109742
2022-03-31,688.2789990989702,694.6891885485168,685.8927271127579,687.974853515625,14295714
2022-04-01,690.8056661643701,706.5270513810643,687.9514954595828,704.6554565429688,14568556
2022-04-04,739.2800725230845,805.7684777488442,731.1152616573453,775.2147216796875,97450970
2022-04-05,779.8467016841248,779.8467016841248,749.5736801453443,752.498046875,30922582
2022-04-06,742.8827416727144,743.8653746340015,724.0030405883982,725.6406860351562,27027860
2022-04-07,721.1723618948894,721.1957225623213,708.258310779131,709.6854248046875,40781732
2022-04-08,707.509594288743,713.8964227995248,700.5847279803062,708.7027587890625,41256322
2022-04-11,704.6555443696186,706.5271394409854,698.6898350796367,700.0467529296875,20799066
2022-04-12,694.3617247002636,705.0531994018879,692.5603259887371,698.8067626953125,27435402
2022-04-13,697.1691285715119,702.9243059694253,684.3721093462098,685.4482421875,28892520
2022-04-18,663.8781019646151,669.8672285581865,650.4026528038955,652.9292602539062,45620376
2022-04-19,646.1213247578577,650.1686599267982,620.9015734629207,628.0136108398438,74096022
2022-04-20,633.7454320872375,636.2955145164841,624.8085774843098,633.67529296875,49325736
2022-04-21,638.681677462046,645.6066005478093,633.2072859304143,643.0565185546875,52446270
2022-04-22,636.3422741404268,643.524508237747,631.2655843325418,634.2835083007812,20659148
2022-04-25,631.663309565486,641.3254301314081,618.6791193133066,639.03271484375,20935488
2022-04-26,641.956989934193,646.6125589606428,635.0087059489563,641.9804077148438,17016842
2022-04-27,636.3422646708045,645.2323404272349,634.5174482238076,642.2144165039062,18054334
2022-04-28,641.9570386552584,645.2323296688057,637.3248299413617,641.6528930664062,20773722
2022-04-29,645.8639695553754,657.2807094431166,641.7464951987836,647.8525390625,28401476
2022-05-02,637.3015513975251,658.0762113815073,637.3015513975251,656.7894897460938,19494316
2022-05-04,655.0582480641592,656.7426721358721,631.6633106332964,634.470703125,29055916
2022-05-05,643.360707162427,643.360707162427,630.0255943230603,633.0435180664062,17862912
2022-05-06,622.3053126249852,624.6448062814701,614.3510341929365,616.5033569335938,26731268
2022-05-09,608.2682533664946,620.6675677620424,606.1627094125337,617.5560302734375,32762434
2022-05-10,615.3102195153957,633.0669526579659,615.3102195153957,627.4755859375,20113812
2022-05-11,633.0669444250589,634.002741829974,621.6736224435258,631.0081787109375,17102924
2022-05-12,625.3280964613642,628.0261632360961,612.0272830721492,616.7843627929688,22382290
2022-05-13,620.0976884814426,623.8607098634346,609.1872030305314,611.2462158203125,16768238
2022-05-16,614.8672826957121,621.0206889120664,608.382562333807,617.754638671875,9804356
2022-05-17,621.3047820818717,623.3874853125446,614.4886886817793,621.9674682617188,16641444
2022-05-18,626.7245687489848,631.1029547972003,620.0741322337622,621.920166015625,15732384
2022-05-19,608.8086141504247,613.6367067414336,605.0692821799639,609.2109985351562,20537506
2022-05-20,616.7606085985483,626.7953705225891,611.7195375784358,625.2570190429688,13919350
2022-05-23,621.9674599302327,629.5171940370686,614.9146971161438,617.2340698242188,19486320
2022-05-24,615.3407344006453,627.1742100621962,613.8733949747416,624.3104858398438,12870796
2022-05-25,629.5408840910824,632.3572280918651,626.3221557067814,628.972900390625,12887112
2022-05-26,635.291856418035,648.9476729916007,634.274166162469,646.9122924804688,26992428
2022-05-27,649.3263854232065,660.1658009984677,648.8293564205711,658.9114990234375,24031718
2022-05-30,667.5263515483781,672.3780764931545,661.940928011891,663.4083251953125,12624674
2022-05-31,660.7339547503448,664.9466836174759,653.2078527172565,657.4442138671875,13485388
2022-06-01,653.2078653942101,662.8876255046422,652.8055387723787,660.2369384765625,12091896
2022-06-02,656.6395165606611,656.9945208046117,652.5451227243029,655.621826171875,11475020
2022-06-03,661.8699556291225,663.0296130823147,651.4564974904033,653.349853515625,6957244
2022-06-06,651.4564884687982,656.5211926538722,644.0487215665758,652.47412109375,6173266
2022-06-07,644.6877488651877,650.5098419561832,640.9483590300321,644.9717407226562,10253966
2022-06-08,650.036424833201,653.6811117575384,642.3209765785515,647.2437133789062,5986588
2022-06-09,644.8060759244232,654.178211573515,642.3920584937911,652.119140625,7311816
2022-06-10,643.7883713722422,647.5040710182226,635.9782777627149,639.5283203125,9155430
2022-06-13,626.5115624230731,629.5409439349797,619.2695095409307,627.9315795898438,10892572
2022-06-14,620.6657477122982,627.6474977818931,617.707379038741,621.020751953125,11870356
2022-06-15,616.1217338404382,622.819492387173,614.5833820581435,618.8670654296875,11810470
2022-06-16,620.0740634178733,625.0678127660508,604.9272160672077,606.4892578125,12169192
2022-06-17,603.5072026453316,614.8673382245379,601.8978385488166,610.4889526367188,14723922
2022-06-20,617.5653345357969,627.174138793338,612.5716430424657,625.8251342773438,15936840
2022-06-21,632.8068924380476,640.9009774209887,626.7244981154012,632.6412353515625,13220684
2022-06-22,630.6059187767403,632.8305890915806,626.3221774697528,629.6592407226562,8159698
2022-06-23,629.7775387566263,638.0609712468488,624.097470763331,631.9785766601562,15372244
2022-06-24,633.5879763381755,644.5220962821917,633.5879763381755,640.806396484375,8013432
2022-06-27,648.4744761664746,651.3145103686636,639.9543735599078,641.966064453125,9804164
2022-06-28,636.1675999329924,639.48097284931,633.5169131560658,637.0669555664062,9770574
2022-06-29,630.1325387583134,639.3626491851958,630.1325387583134,636.1439208984375,9994046
2022-06-30,632.3809061022116,640.9010081305348,632.3809061022116,638.0609741210938,12475822
2022-07-01,636.1439086225995,643.7410224780701,629.5645429261943,640.7826538085938,11472452
2022-07-04,640.7590220937827,643.8357257901995,635.3393133100445,641.6820678710938,8487480
2022-07-05,645.6344186304245,652.9001609789714,638.203019182199,640.2383422851562,14325718
2022-07-06,638.0610293698724,650.0838526070064,637.6350126754401,649.066162109375,15049078
2022-07-07,653.2078053283803,661.7279071370114,650.5807508251304,660.6865844726562,17743142
2022-07-08,667.4079643038475,667.4079643038475,660.1895448317669,661.3018798828125,12474030
2022-07-11,659.8345520397675,667.3606535366644,659.4795477972783,665.5856323242188,7462880
2022-07-12,665.1596606593656,665.1596606593656,657.6572487168633,658.7932739257812,9876974
2022-07-13,657.9411250426687,659.9291254737102,641.0192579777223,642.7232666015625,15945610
2022-07-14,644.6877388120965,649.7288108809627,638.6526663672696,639.5046997070312,10372410
2022-07-15,640.4277452308738,646.0604915750648,637.4930661846465,644.7114868164062,13595646
2022-07-18,638.0610019086649,646.628426654129,635.2446578389066,637.8480224609375,20332220
2022-07-19,632.8541762162614,643.0546537020829,632.8541762162614,638.0845947265625,15792538
2022-07-20,643.6936405421574,648.9950135948013,641.4926028997119,646.13134765625,20347862
2022-07-21,644.0013636183196,648.2377243196178,642.8416484646634,644.0960083007812,12640278
2022-07-22,646.581029089991,661.2545370708034,644.8770203644754,659.12451171875,12729592
2022-07-25,660.3079157258574,664.8519586435416,654.7698724481547,661.0652465820312,10143126
2022-07-26,660.7813214686099,663.6213558015695,656.1899557425837,659.71630859375,8527964
2022-07-27,657.4205694862873,665.5146550866178,655.2195315104202,664.75732421875,9212778
2022-07-28,669.7983540849104,674.0347148899765,667.8813080826944,670.6503295898438,17420406
2022-07-29,680.6614431431668,680.9454349708267,669.916671568808,678.8627319335938,20019736
2022-08-01,681.1347798374608,685.6078100048894,676.8984191557296,684.5191650390625,13193036
2022-08-02,682.5547747266103,683.7854444563982,673.5850246203694,676.9930419921875,15036510
2022-08-03,674.4844023747412,679.5964868191563,670.7213803397141,678.5787963867188,10975498
2022-08-04,681.6081431357295,684.7794912450086,668.8043003902649,677.7741088867188,12012206
2022-08-05,678.2947985756512,680.1644645453026,672.6857428860559,675.4784545898438,9268982
2022-08-08,675.9280724889151,693.2049454902074,675.5020558450844,692.0452880859375,15357736
2022-08-10,691.7139440904666,696.5183465521361,685.8919089915445,694.0570068359375,17353102
2022-08-11,703.6185014831334,705.7485272192075,697.962122918484,703.2398071289062,18301766
2022-08-12,702.9084797748282,704.9438607746496,698.6247383178145,702.9794921875,8850370
2022-08-16,707.5472147556159,714.0319364423374,704.3521762597685,711.0262451171875,12563756
2022-08-17,710.0084517055847,716.0435235450822,703.2633714143817,714.6945190429688,12384350
2022-08-18,710.008526430319,716.5879503313682,709.8428693302802,715.5465698242188,8342138
2022-08-19,714.7418221764153,715.6885000865827,705.275043074741,706.71875,8063702
2022-08-22,702.8137823590608,704.494101169479,694.7196390958088,695.9739990234375,8234066
2022-08-23,687.903575143371,698.6246570090722,686.5308805205054,693.8203125,14966884
2022-08-24,691.9743095906954,698.4117085642,690.696259596575,697.1573486328125,13455520
2022-08-25,700.4944420172992,703.7604928802608,689.654966674725,693.3706665039062,11823040
2022-08-26,696.778693332773,701.3937485514476,691.642918993121,693.4889526367188,7706176
2022-08-29,680.188193509513,684.4482448258565,676.2121340581302,681.32421875,8653178
2022-08-30,684.6611742208433,705.251420744394,683.0755001251575,703.4290771484375,10135400
2022-09-01,693.3233295007825,705.01478018178,690.601630135956,696.8260498046875,22403136
2022-09-02,696.8259560212427,705.5117143125736,693.5362156068223,703.14501953125,12038086
2022-09-05,703.4290477623429,709.5351321703702,702.482369800808,707.6654663085938,12131932
2022-09-06,709.4878176550125,713.156194796427,703.5947126110668,704.9674072265625,12238696
2022-09-07,696.4237030597683,705.2751193650466,696.4237030597683,701.6304321289062,9776206
2022-09-08,705.3224549448381,710.0085227511238,701.5594328865137,708.8724975585938,11164690
2022-09-09,708.2098000210051,714.2685624302175,707.1921673792319,709.3458251953125,15128888
2022-09-12,710.0085188900646,711.901874940438,705.2751287641307,706.9555053710938,11080492
2022-09-13,709.4878378356536,717.5346008263482,709.3221807419732,716.209228515625,13001966
2022-09-14,707.1921240116534,728.4213656433966,706.3874130797399,723.5696411132812,20219760
2022-09-15,724.2086553128241,729.3916941454547,715.6885534856144,719.8065795898438,13539372
2022-09-16,711.4758292509372,716.9665500169183,701.9617270420313,706.5767822265625,20560046
2022-09-19,704.8017976896979,716.6352731378123,700.5417465283766,711.2391967773438,12076038
2022-09-20,716.6352314664156,721.3686213704209,714.694553161901,719.8065795898438,10781668
2022-09-21,713.7952277007117,720.1853043412685,712.3752106694769,718.6942749023438,9072304
2022-09-22,710.9551991274026,714.8129236481702,701.8434231066286,703.3817749023438,12048144
2022-09-23,696.920622977358,698.1749828076821,680.1881018946707,684.5191650390625,15806252
2022-09-26,674.6736987181858,679.9277498021432,671.1946687964193,675.2890625,8923486
2022-09-27,678.0108084136324,681.6081733278456,665.9879860224158,669.2303466796875,12639700
2022-09-28,665.5145518911477,667.6918994663862,656.000450721092,657.7281494140625,11816132
2022-09-29,660.9232428535685,663.7158966193714,652.6398106789119,654.3201293945312,14410388
2022-09-30,652.6398551450152,677.5611079896381,646.1077536442672,672.7803955078125,15781756
2022-10-03,667.3843166684661,671.1237064183372,663.1952779695787,668.9226684570312,11541112
2022-10-04,676.6380696516569,690.1282305366321,675.0523956300766,687.7615356445312,11538526
2022-10-06,691.0512787778197,692.3056387362966,678.8627990191503,680.1881713867188,12549198
2022-10-07,676.992997412618,679.2176672476403,672.306930499467,677.2533569335938,13297994
2022-10-10,666.4613460689046,674.9814485044445,661.8226005195202,669.7747192382812,13109302
2022-10-11,663.1952792481815,670.7213811074919,662.4142583209682,662.9822998046875,14521620
2022-10-12,664.1892708246992,669.7036818066864,661.3966169107936,667.3133544921875,9225050
2022-10-13,663.6449517568307,665.6329523957306,655.1011599044915,659.6452026367188,14714234
2022-10-14,670.7213685736215,684.9215386916234,669.8930253167381,681.1348266601562,12849920
2022-10-17,679.2414079903542,689.9388569363749,675.454696308178,684.70849609375,18410500
2022-10-18,690.1519292027847,692.4476117206183,681.6081374235195,683.4304809570312,10561108
2022-10-19,692.9682650667686,699.3110189397639,687.9508834468661,690.4359130859375,12967040
2022-10-20,683.501570113333,687.7142991029858,682.7915615571211,685.7736206054688,7898078
2022-10-21,687.2882499642978,689.9626269558933,678.7681476920131,680.9454956054688,10492606
2022-10-24,688.3768614858348,692.4948872588526,688.3768614858348,691.5718994140625,2167794
2022-10-25,691.5955514291327,694.7669571686256,683.9748056352751,686.7675170898438,13773394
2022-10-27,693.2049677303476,694.5539723285599,686.9332259601686,688.4242553710938,15937276
2022-10-28,686.3415684282495,694.3883316443048,685.110898551334,690.4595947265625,10474278
2022-10-31,696.7550217495098,709.061835992368,694.5066614551414,708.4464721679688,12830528
2022-11-01,711.6651573414332,723.7353013468916,709.4878095867721,716.2802124023438,19073756
2022-11-02,718.0552306509842,723.3802941610854,715.4991886100082,716.7298583984375,12720406
2022-11-03,708.9197790999174,719.5935963898347,708.5884649206265,713.5822143554688,10332352
2022-11-04,711.5232123840913,717.6292974752805,705.0858130815516,708.6595458984375,10818060
2022-11-07,714.7418728342593,715.6885508115232,706.2690933816195,714.1738891601562,9835834
2022-11-09,717.1322211596956,718.504857932011,711.9018024905791,713.9608154296875,9269790
2022-11-10,708.6357980412447,722.7886455515248,707.6654877696277,721.7236328125,12774182
2022-11-11,731.3087903049284,774.8559804072283,727.9954171449708,762.6201782226562,56722338
2022-11-14,763.0224185196467,770.5958420285266,756.3956729493768,764.4661254882812,19195390
2022-11-15,768.3002449618797,768.3002449618797,759.8274649136445,766.3358764648438,11030202
2022-11-16,766.170202291269,777.2226566503574,763.022486309608,772.915283203125,13578150
2022-11-17,765.90990368529,772.2763485631806,763.9219027916068,765.93359375,12100930
2022-11-18,767.2825705697473,768.2292486333745,759.8274808186842,763.921875,10459232
2022-11-21,760.9634273308967,763.0224403501558,752.7036274118254,756.0880126953125,8344816
2022-11-22,757.3423417907524,759.4013547263689,753.0822911181793,754.9756469726562,8546314
2022-11-23,759.7091462925441,759.7091462925441,754.5024169410065,756.9401245117188,10185738
2022-11-24,760.1588040550658,772.4893090924824,756.9401332689004,769.2469482421875,17197960
2022-11-25,771.400538611901,772.3472166038309,764.0164618309748,765.6968383789062,8410496
2022-11-28,758.7151143331906,760.8687721706614,754.526075630677,757.4607543945312,16105980
2022-11-29,756.0407151883402,763.188122507995,753.958012039269,756.32470703125,12638236
2022-11-30,755.9697158820187,763.448495298528,755.9697158820187,761.3421020507812,15184806
2022-12-01,767.755796135116,774.8558805629993,764.4424234021038,766.5724487304688,20446366
2022-12-02,762.0758197096427,766.1465237122118,759.7801370262731,760.703125,7811078
2022-12-05,762.052089952201,764.2531278294877,755.5436787874839,763.4721069335938,11592622
2022-12-06,757.8157755845892,763.8271580625411,757.3424365617382,762.6201782226562,12353092
2022-12-07,764.0401462647712,766.1464816690436,759.4487233693498,762.2887573242188,11674720
2022-12-08,762.0757285928094,769.6491519825515,759.7090337835149,766.5724487304688,14803634
2022-12-09,769.649226714661,773.8382653777363,766.8091926677436,772.0396118164062,11963384
2022-12-12,769.175858298182,782.7133418481023,767.4718494913106,778.0509643554688,14434808
2022-12-13,781.0093040192777,784.322676824208,778.6426091586131,780.2046508789062,17031702
2022-12-14,782.4294142784042,788.346152135924,781.0093971925995,786.8078002929688,14227640
2022-12-15,784.3464018645261,790.1921268749417,770.146232067255,772.3945922851562,18182648
2022-12-16,766.8328578314446,778.6899649239426,761.6024388526127,776.1102905273438,14647958
2022-12-19,778.1693487623974,779.4237087213362,769.7438910954138,778.5243530273438,9604542
2022-12-20,766.9038071781762,774.5719334714851,766.9038071781762,773.1519165039062,7174698
2022-12-21,776.7493009218134,778.5480122385196,760.4427954437242,765.6731567382812,9269198
2022-12-22,767.8505485255711,770.3592684875882,761.6024964648415,763.0462036132812,9747096
2022-12-23,751.1889697537788,759.3067449086949,750.455271214228,756.2300415039062,10693152
2022-12-26,757.105686415071,775.8025758263841,752.6089661769071,771.2821655273438,9907322
2022-12-27,772.9626491855131,774.358976235593,763.7325379429427,772.0632934570312,7926772
2022-12-28,768.2764702109968,772.9625375674409,768.2764702109968,771.4478759765625,8691870
2022-12-29,766.8564752725806,777.9326190377025,762.5491020807658,776.8912963867188,11012896
2022-12-30,778.6425586893796,778.6425586893796,766.8090851530668,770.6668090820312,7122640
2023-01-02,770.1224709214521,776.1575425282429,766.1227799099893,770.9271240234375,4381378
2023-01-03,767.85048648393,777.6959605884185,767.85048648393,775.96826171875,8378030
2023-01-04,773.9092723546631,778.9976666530196,760.6557802287117,762.0994873046875,10351600
2023-01-05,764.4425498800358,765.8862570648225,752.3250820077258,757.200439453125,10941436
2023-01-06,758.2890762614053,761.649771597572,747.0235849749788,754.6917114257812,9092462
2023-01-09,755.4489881345364,762.8094321524873,752.6089543445569,756.1589965820312,10729340
2023-01-10,757.3424088115413,757.3424088115413,740.7755436187888,742.3375854492188,16371766
2023-01-11,742.1718091980973,756.3956682495882,738.4087875277582,753.0349731445312,15195798
2023-01-12,751.5676897826115,759.1884361515325,749.8399908708047,757.0584106445312,9250070
2023-01-13,756.750729788885,762.0284712196939,750.7156575106625,757.6500854492188,9244546
2023-01-16,764.4424835397972,767.4245423463568,748.017643383427,750.3843383789062,14748094
2023-01-17,752.5142912567735,762.5490539569893,746.692199017474,761.5550537109375,10786354
2023-01-18,759.709052840869,777.033247723356,757.2003331678316,774.9979248046875,19090642
2023-01-19,774.8559185317824,781.0093253374716,772.9625625915704,778.2166137695312,11172162
2023-01-20,778.2166322807672,790.002784845069,777.8853180956044,786.1923828125,18843404
2023-01-23,788.701120801895,796.4402020140254,786.4054381729433,791.9434814453125,15444400
2023-01-24,792.866505329516,805.8123152644733,792.842815267551,802.5462646484375,24983940
2023-01-25,800.6056037705797,801.3392445591735,778.7846872191718,780.370361328125,14704142
2023-01-27,772.4891739093187,774.8558686823252,752.5852477560804,764.8211059570312,35179948
2023-01-30,754.975647383291,769.3178411010082,748.8222408528942,764.0401000976562,18512822
2023-01-31,766.6671531399184,768.0871701361255,754.975702983403,758.9990844726562,18596244
2023-02-01,768.7025579600521,788.1094575144623,760.1824557166525,770.3829345703125,17302790
2023-02-02,761.1763996984457,768.9391705012463,752.0173020214557,758.9280395507812,17497106
2023-02-03,762.5490574285317,785.9793357294084,760.6557016062386,785.1746826171875,14411100
2023-02-06,785.7427543408033,790.1921525781385,779.2106529093284,781.8377075195312,11167672
2023-02-07,785.4587118076032,788.0620761871278,772.7732040823922,782.997314453125,10264588
2023-02-08,783.0209226227729,789.6239775643744,781.0092321762584,782.902587890625,8444826
2023-02-09,785.7427448206556,786.5237657315753,774.1696293119086,781.2697143554688,11777336
2023-02-10,780.441377066591,785.0327423176034,777.3172933990301,784.3700561523438,8172116
2023-02-13,783.3759959273335,786.5710339771882,778.4296267994425,784.961669921875,5736944
2023-02-14,788.1093303162801,794.0260670303663,784.7722676972827,792.2273559570312,10908592
2023-02-15,794.262851292887,794.262851292887,784.204397425203,790.6181640625,11438712
2023-02-16,791.9908780009964,796.1089624181799,786.2161646839088,787.7545166015625,8062500
2023-02-17,786.2161415593935,789.6005272348177,777.6723488173061,783.8021240234375,8956270
2023-02-20,785.7426501630073,790.2156800893326,773.814531839051,776.4415283203125,8086706
2023-02-21,776.275896847954,786.8550110811879,773.4358630789981,779.3526000976562,12389296
2023-02-22,775.8026119130404,777.1989388344294,761.6261321413451,764.0637817382812,10359102
2023-02-23,763.4957924668398,766.2648140080034,753.6029959990215,758.8807373046875,27882010
2023-02-24,765.8151364213195,765.8151364213195,750.336917326773,752.1119384765625,17061740
2023-02-27,750.6683165199346,756.8690457387776,746.5976127581428,753.981689453125,14312972
2023-02-28,753.5557112171675,759.8511432233867,751.993669356785,757.153076171875,18993992
2023-03-01,763.0225512874042,763.4958903390714,755.3307916978134,756.4194946289062,14137256
2023-03-02,754.5022826213072,760.1586599339753,748.8222152490013,749.9818725585938,17391814
2023-03-03,755.4489516978832,766.8090863098814,751.6622401605505,764.868408203125,14986234
2023-03-06,766.8091287857136,776.0155486085717,765.8861409096147,770.2645263671875,27004710
2023-03-08,766.8091679963849,776.039278351897,766.8091679963849,771.8029174804688,20099774
2023-03-09,771.5188971092862,779.0923212778464,770.1225701404643,771.8739013671875,20700166
2023-03-10,762.2887875145955,763.8508293638935,750.2423327911828,751.9700317382812,27387000
2023-03-13,751.6150309707979,759.1411328403547,740.751865944351,742.4559326171875,26443550
2023-03-14,743.2604847931999,749.5795482072941,738.077446413025,740.4677734375,33185612
2023-03-15,746.9289573593102,749.248330063132,727.3327108002192,729.8414306640625,37264754
2023-03-16,728.4686231949322,737.9827242614297,725.1789406988648,734.57470703125,21753342
2023-03-17,737.2255088798554,747.4969422958127,728.9420761958121,744.3966064453125,22950876
2023-03-20,742.1718000249613,742.2428124251653,731.4980411337617,739.2371215820312,26503114
2023-03-21,744.0652527440902,749.0590025399467,736.6101631453514,747.6152954101562,33050494
2023-03-22,749.7689910429613,750.7393591246861,740.9175746776272,745.8876342773438,14177324
2023-03-23,742.0771890697815,752.7746385074203,737.722493547406,739.8998413085938,28364178
2023-03-24,738.4088098056723,744.9882331927605,736.0184248411618,738.7164916992188,31477748
2023-03-27,739.4501509534972,747.6152485739262,737.8881669466679,741.9351806640625,31872006
2023-03-28,741.1067998011212,749.2482647269658,740.3494690077168,747.97021484375,39276302
2023-03-29,749.7689766744074,758.2890786820711,748.7749763296413,751.5676879882812,39763612
2023-03-31,755.2596188966895,763.4720381429922,753.7449573652673,761.8627319335938,34711228
2023-04-03,760.916103659407,764.7737701383646,758.6440534334533,762.3361206054688,40025398
2023-04-05,766.1464258287228,783.8493144132652,764.9157560941043,782.7843017578125,43365392
2023-04-06,780.3229533635023,790.0973565094652,779.6365772139025,788.7483520507812,44637344
2023-04-10,787.2811447033577,790.9495222000966,782.9027586588628,785.0090942382812,31813286
2023-04-11,785.26936780893,790.1921047569881,781.5299783108553,787.3047485351562,42361542
2023-04-12,789.5294292037479,799.0908536154229,789.4347845187364,797.5288696289062,26955504
2023-04-13,799.1381676210906,803.279883408837,794.333765751178,801.1024780273438,35330086
2023-04-17,814.1431285287981,814.1431285287981,782.5714384591537,788.8905029296875,32405148
2023-04-18,790.4760815811592,793.9077891209577,784.0386831315956,785.5533447265625,29637226
2023-04-19,788.1094206815565,790.6181404482337,784.3937211551915,788.4407348632812,24741168
2023-04-20,791.2807247846998,794.002423833816,788.7720629382435,791.3754272460938,32922716
2023-04-21,790.0028164885751,793.7658385477291,787.2811171507625,792.6535034179688,20128618
2023-04-24,798.5229093249309,800.6292448057368,792.4168245439707,799.0672607421875,35675852
2023-04-25,798.8541289397548,798.8541289397548,786.6420186043182,787.70703125,50353068
2023-04-26,785.7427019581631,792.8427866144116,783.376007072747,791.328125,27392750
2023-04-27,790.7127411596693,797.6944908945422,788.5117034159383,795.6828002929688,47790392
2023-04-28,797.4342510399031,800.4163100797197,790.4761903211897,798.8069458007812,27916272
2023-05-02,799.3274927082318,804.202907194295,796.1561447326687,798.6411743164062,32221184
2023-05-03,797.5524846534473,802.7829034515152,795.0438227485433,801.4338989257812,29407270
2023-05-04,798.5702121515963,820.9828021558743,798.5702121515963,817.8351440429688,56854638
2023-05-05,775.8025843027785,786.192351749063,767.8031440250422,769.4835205078125,62770416
2023-05-08,773.9092936156137,781.1750359781396,771.5425985281042,778.38232421875,37244524
2023-05-09,780.9619868467801,783.8493430397727,776.2522293745058,778.4059448242188,43688938
2023-05-10,778.4059920594077,783.210394506021,773.0099158578086,782.0033569335938,46340550
2023-05-11,788.1804838313546,798.9962689250709,780.6543818274131,782.5240478515625,35734618
2023-05-12,779.5893400518114,791.8015094745331,778.287657790037,789.434814453125,22478760
2023-05-15,791.4228462180713,795.5645626680762,788.1567954042247,793.2215576171875,18512260
2023-05-16,800.4030139627808,800.4030139627808,787.0932626645074,788.6732177734375,32722086
2023-05-17,789.9658807338478,789.9658807338478,778.1642575542323,784.4360961914062,30466868
2023-05-18,789.0083230433131,791.8569644245696,785.1781855528116,787.572021484375,49646942
2023-05-19,789.0082605925772,789.9657948894129,781.1325643784062,788.4816284179688,30460332
2023-05-22,787.5720151966582,791.354287626984,781.6831554747228,785.680908203125,28334032
2023-05-23,789.4871228939105,789.7743715289307,782.0422694614203,783.837646484375,22470074
2023-05-24,779.2174939612134,782.6645940444527,772.5386571904612,773.5919799804688,33588112
2023-05-25,773.5441253964981,775.6268094273125,764.7587591498904,770.6236572265625,29776930
2023-05-26,775.1240114745184,775.1240114745184,767.1046617572866,773.5919799804688,26635066
2023-05-29,779.6723723310973,785.6569622323185,777.9248603912886,783.0237426757812,21816292
2023-05-30,782.1140640569184,786.4469304713781,779.696324831423,783.6221923828125,37125928
2023-05-31,780.3427686832863,782.760508280079,768.2538953695158,771.2222290039062,43334270
2023-06-01,775.5549758597977,775.5549758597977,766.0274971750312,767.9425659179688,50366938
2023-06-02,771.9881066411427,773.1132562550899,766.5062458740007,769.1394653320312,17859710
2023-06-05,772.9696926063541,773.9272270660708,767.2005241092544,768.1341552734375,18697242
2023-06-06,769.6900635841799,770.7433279959911,762.3170373717256,765.740234375,32182852
2023-06-07,767.6791678231415,772.035995668472,764.1123759118827,769.7139282226562,24949026
2023-06-08,767.5834304077028,778.4753830300483,767.5834304077028,770.1926879882812,37395522
2023-06-09,773.6399676877086,774.8847507794242,769.3789277124094,771.1024780273438,18212578
2023-06-12,772.0360368064102,773.592030136009,765.7641400155738,766.4105224609375,13408292
2023-06-13,761.2876940266594,770.3364055694209,761.2876940266594,767.7031860351562,27926108
2023-06-14,771.0306076745784,771.772720205927,766.1232439139638,766.8653564453125,20113968
2023-06-15,767.9425712071014,768.8761438484094,755.9733914813049,757.4336547851562,35377476
2023-06-16,759.8753597118556,770.4321412189463,758.3672313699111,767.3441162109375,15779272
2023-06-19,771.2940091758765,772.8500026766968,765.2375920147995,768.0144653320312,24829146
2023-06-20,768.0143667682194,771.2939101911815,761.5510099789078,769.6182250976562,20005626
2023-06-21,773.6877691232111,783.8615717803077,771.2939332038942,783.0715942382812,24308946
2023-06-22,785.1782441229523,793.5806322468177,784.7234386393332,786.9017944335938,56596140
2023-06-23,784.0053012285746,794.7057371354,782.3296159227949,786.8539428710938,21339218
2023-06-26,787.571994837304,790.3249060654587,779.7680665871447,783.0476684570312,16130314
2023-06-27,786.5905337191974,800.9296461673263,784.4840048316838,794.083251953125,33831864
2023-06-28,799.5412875706766,804.281094916186,794.992998809047,802.4857177734375,59562950
2023-06-30,815.8193069543128,818.1174128864183,805.8848875767882,814.5745239257812,40699016
2023-07-03,819.8888869527296,841.4334124492976,818.691968869587,823.3839111328125,44104116
2023-07-04,825.1313123295552,836.406303333363,820.5112555769142,827.4054565429688,38795188
2023-07-05,821.6841820227852,823.4795589682101,798.8470106542848,801.1211547851562,37165754
2023-07-06,800.977524195429,808.0872054143094,794.9450691746598,801.93505859375,52156544
2023-07-07,797.1473857846021,801.9350577712964,792.9821345334826,794.945068359375,19926336
2023-07-10,795.2323081500037,802.772891445225,789.8222154878739,793.0538940429688,38398442
2023-07-11,796.1898182223189,802.4137915457645,787.8113925946035,789.1998291015625,50670426
2023-07-12,792.5272531476065,797.7697889233564,779.0260418202364,781.8028564453125,70958358
2023-07-13,793.1735905563402,793.5326659534852,784.2446291019418,785.704833984375,41913546
2023-07-14,791.6894113288874,791.6894113288874,782.7843533101579,787.3326416015625,24727214
2023-07-17,789.9658626293475,805.2864126924621,781.8268204083179,803.80224609375,49252928
2023-07-18,812.9466853634967,815.8192884919896,799.5412040971963,803.1319580078125,81076818
2023-07-19,804.8555610048314,808.5181419226229,801.9350926545632,806.7706298828125,32935134
2023-07-20,804.8795083270657,810.0741208768967,804.3289143458549,808.5181274414062,56210948
2023-07-21,804.3288890002611,809.0208308967337,801.0972104283851,802.2941284179688,42154248
2023-07-24,803.6107312414538,806.555161158962,799.5890751426567,803.5628662109375,32179444
2023-07-25,806.555183500857,813.4254812031791,803.5628884699448,812.2764282226562,55992596
2023-07-26,813.7126998116902,813.7126998116902,808.1590121278992,809.45166015625,24794358
2023-07-27,813.85633843129,815.3405049960073,798.3203084228094,801.04931640625,59741302
2023-07-28,795.4717530151033,799.0146422074048,785.704889829906,786.8539428710938,41015684
2023-07-31,789.98986972854,793.2215484430462,784.5558150613891,790.5404052734375,34565006
2023-08-01,792.0964028577838,798.3203767107598,789.9659121084937,795.830810546875,35394188
2023-08-02,786.1357533490648,790.6840418124119,781.8986752587043,785.4176025390625,28116322
2023-08-03,785.1781976196645,790.6121935791729,777.0391553272656,779.7442016601562,57673946
2023-08-04,782.8562191326811,793.0778874299197,780.0314808905504,791.0191650390625,37388304
2023-08-07,796.2377106290166,796.2377106290166,788.7929158097952,790.5643310546875,28300918
2023-08-08,790.779775695363,792.6469794990385,786.1597188833139,789.9180297851562,43773828
2023-08-09,791.4021180992739,792.1202688416507,780.9171055719207,790.2052001953125,33361236
2023-08-10,788.5535116922156,792.0006120305654,780.8692750321005,783.1912841796875,50781118
2023-08-11,784.4122069559019,784.4122069559019,773.7835398495799,775.0283813476562,28225822
2023-08-14,771.2939587813216,773.2090275802822,766.1472113841155,771.24609375,31304410
2023-08-16,757.9363390305685,770.6476315074848,757.0745931406195,768.995849609375,34137542
2023-08-17,764.8783973270507,770.7672567276965,763.1548472527722,764.7348022460938,52884040
2023-08-18,760.0668453838622,764.2560581283789,759.085349306415,761.598876953125,25633366
2023-08-21,766.2668661889733,766.2668661889733,759.8035093045302,761.0004272460938,21837270
2023-08-22,764.2799958764373,765.069973432526,756.4521639695814,757.7448120117188,32273570
2023-08-23,756.4522085794365,761.503226134282,753.2205298402522,759.612060546875,36498588
2023-08-24,762.8198062571005,764.2081843881693,754.6089370548672,756.1170654296875,43145792
2023-08-25,753.8429059393314,755.2552457791736,746.1108040957927,747.594970703125,30069756
2023-08-28,747.5949720764402,757.7209098998453,747.5949720764402,755.3749389648438,28867238
2023-08-29,761.0961768187698,762.5085750919843,757.1463475103358,761.3834838867188,35538932
2023-08-30,767.9186450321,767.9186450321,753.4359368932027,755.8297729492188,28084204
2023-08-31,755.973358072876,757.9602535082042,748.3609484150296,752.358642578125,100075772
2023-09-01,752.1433185125949,755.9734563535246,746.5656685930877,753.9147338867188,43226776
2023-09-04,761.2398119383075,761.9340009681175,754.010439249432,758.6305541992188,25073638
2023-09-05,760.4738554447009,760.4738554447009,751.9517756465584,754.010498046875,38712082
2023-09-06,754.9201238552107,766.0274992165465,754.010454511239,763.873046875,56320910
2023-09-07,763.8731632523076,772.7303575614067,759.875468320368,771.2222290039062,34208342
2023-09-08,770.0013395921213,781.7790014587035,769.6661674737783,777.230712890625,34502210
2023-09-11,779.8639437312936,783.5025629490954,777.5179726424265,781.2523803710938,31573022
2023-09-12,785.1782585237241,786.5666951817179,778.0207118004635,783.694091796875,39033340
2023-09-13,781.0130157046019,790.731955532435,779.7203091010442,787.0454711914062,46420094
2023-09-14,787.2129744267565,789.965885847133,782.8322428256791,786.566650390625,23538848
2023-09-15,789.9658552054733,799.5411989049336,789.9658552054733,795.5913696289062,173411202
2023-09-18,791.7611944741388,792.3596534268783,778.5232707508934,779.9356689453125,37056288
2023-09-20,765.548760092835,765.548760092835,747.0683576854377,748.6482543945312,115474648
2023-09-21,743.5254363384076,751.161749541656,735.8891231351594,743.6929931640625,72841442
2023-09-22,746.3980579436757,748.9834124885792,729.5215142987016,732.3462524414062,61704250
2023-09-25,730.1199506265053,737.636571986799,730.1199506265053,732.9925537109375,40208754
2023-09-26,730.1199748754191,737.3014828250133,730.1199748754191,736.1763916015625,27575308
2023-09-27,729.1623733855774,733.7106613351264,725.3322361649047,731.005615234375,39338538
2023-09-28,734.4288841265327,736.1524343562999,726.9361657647512,729.49755859375,55354188
2023-09-29,729.4975291821899,735.1230435502242,728.8273018844358,730.7423706054688,32053782
2023-10-03,731.0774976675469,731.0774976675469,721.0233866976592,722.0048828125,38971694
2023-10-04,715.7569705893197,734.9076587656226,713.0040591639762,732.2984008789062,54649430
2023-10-05,734.9316099718342,742.8312687313597,733.7585952718871,735.2667236328125,48512674
2023-10-06,739.2165913446855,739.6953585670591,732.4420234594476,734.452880859375,17759356
2023-10-09,731.55630088108,732.513835306317,723.8960254791839,725.9307861328125,16454972
2023-10-10,727.989492834349,732.035052316478,725.4280415474352,730.0481567382812,33266292
2023-10-11,732.561636194785,738.3308039789869,731.7956204103215,737.1099243164062,31333360
2023-10-12,735.4342849776942,743.046695154072,733.2798325755078,742.017333984375,22025336
2023-10-13,737.3014842223872,741.5146589381054,732.4898505097352,735.2667236328125,39745300
2023-10-16,733.2319960651158,734.6443359841811,727.965556654919,732.3223266601562,17856084
2023-10-17,744.8420626176685,744.8420626176685,734.9076433348039,737.8759765625,32902558
2023-10-18,737.8759782779842,737.8759782779842,726.8164677513256,727.6064453125,31216200
2023-10-19,720.7361578942352,730.7184423716426,719.682834983418,725.308349609375,30252364
2023-10-20,720.5446319365362,731.0775102771368,720.5446319365362,729.0667114257812,21094010
2023-10-23,729.4017657824131,731.9152933638753,718.1986025878159,721.0473022460938,22376136
2023-10-25,728.2049558099759,729.0667602000749,714.0573608059868,716.4751586914062,28311996
2023-10-26,713.9615222749121,714.3205976423598,699.1197404204128,700.6278686523438,55561798
2023-10-27,703.5483551604171,707.6178760987387,702.3035722091115,703.3807983398438,31940532
2023-10-30,700.5560993380782,713.3391600901615,699.9097753123232,711.0171508789062,23310982
2023-10-31,720.0659406218252,720.0659406218252,705.7029231892091,706.8998413085938,32634824
2023-11-01,700.0773018118728,707.354539496317,700.0773018118728,705.9421997070312,33877466
2023-11-02,710.9692996573848,713.6025192857455,702.4233167339939,707.0194702148438,45225154
2023-11-03,712.4055490469672,714.0333691138175,709.3653892057476,710.3707885742188,18095340
2023-11-06,717.1932021415764,717.1932021415764,710.0116947770078,715.5175170898438,25593730
2023-11-07,715.2781260341811,715.2781260341811,707.234814492639,712.0464477539062,41952848
2023-11-08,710.4665472159254,715.014835514477,709.054207384732,714.105224609375,31399546
2023-11-09,711.4480744130556,714.607926311971,710.2511563874616,711.280517578125,22116740
2023-11-10,708.6233409063911,716.2357512885518,708.5994376116778,714.081298828125,14015186
2023-11-13,714.3684707875195,716.2117126727126,711.4001377601898,712.78857421875,20605914
2023-11-15,720.1137317170233,723.3932753387419,718.4141432279705,720.2573852539062,41245460
2023-11-16,722.7948225701767,727.2473809327844,719.9461810912933,722.1484985351562,29713838
2023-11-17,713.3630955591337,721.7415211781168,712.8843283809061,720.5924682617188,23701874
2023-11-20,724.3747271219125,724.3747271219125,718.8928664109501,720.6403198242188,19331452
2023-11-21,727.2473578304415,728.6836593929769,723.9438525479579,726.74462890625,24959972
2023-11-22,727.7261551101178,727.7261551101178,719.8504579271851,724.1593627929688,29123650
2023-11-23,722.220328180805,729.5693930831869,722.220328180805,728.3485717773438,13046220
2023-11-24,728.3005912289228,734.0218939418301,727.6542672419772,733.5191650390625,16469192
2023-11-28,735.0033827728541,735.9848789111071,730.5030178431152,731.8674926757812,28489338
2023-11-29,734.3809775281464,748.3130905581396,733.950075384279,746.4698486328125,34042488
2023-11-30,751.2574743365304,752.837370842918,738.3307614719267,746.30224609375,69491440
2023-12-01,745.8713563542594,749.6296668015766,743.0944835007002,744.6744384765625,22153536
2023-12-04,760.2823241901957,771.7727371502491,753.4120264631497,770.5279541015625,50662456
2023-12-05,783.5025110233172,784.6994290053266,773.9271671672425,777.374267578125,52230820
2023-12-06,784.4360428215049,784.4360428215049,773.9989536278642,779.3372192382812,38613060
2023-12-07,777.996699171334,782.3056039667443,773.7835244385168,780.60595703125,20450386
2023-12-08,780.605970823838,792.3597291563016,780.605970823838,791.4979248046875,33728038
2023-12-11,789.9898966541259,796.5250226338114,788.5296332153098,790.4447021484375,23187620
2023-12-12,791.9766596766761,792.9581557902037,781.2762247045517,782.5928344726562,36581476
2023-12-13,781.563465201162,783.2631120796166,773.2568662574292,780.8214111328125,29346914
2023-12-14,788.0508241253218,794.2508360897075,787.5720569174692,790.0377197265625,35172366
2023-12-15,789.9659189837218,798.5837290089988,788.3380987347389,793.1018676757812,138837130
2023-12-18,795.0887214217845,797.0037903560872,790.4207408944219,792.6948852539062,18014754
2023-12-19,789.9658115984446,794.1071592085059,787.1171703824074,791.354248046875,24008446
2023-12-20,793.796027948429,799.0385054794685,787.3087089265515,793.3172607421875,34232520
2023-12-21,793.31719852569,808.9968233004131,790.0855201370065,807.5365600585938,36589240
2023-12-22,806.052401579033,807.1535894553359,798.1527432166448,799.9481201171875,48578850
2023-12-26,801.0971963079616,807.1775162105685,798.8470139045111,805.5018310546875,18045856
2023-12-27,805.0470435987298,817.0162235511344,803.6586070355986,815.4841918945312,27009078
2023-12-28,818.3567550440999,824.1498261689791,814.8617312916912,816.417724609375,44076470
2023-12-29,812.4678659945425,821.0378097994592,811.9890988372093,818.332763671875,25011426
2024-01-01,816.7768404269046,818.2849687904367,810.0740996496615,812.9945678710938,14239686
2024-01-02,813.329671520093,815.2447401524048,808.4940764689007,813.4732666015625,29242092
2024-01-03,814.8616776060998,816.154325515247,799.0384001483739,800.9295654296875,28389762
2024-01-04,803.3713517790169,811.4864323425077,799.8763278844378,809.5234985351562,26734056
2024-01-05,807.7520737623003,816.2501913581319,798.6315354441177,805.3821411132812,31889470
2024-01-08,803.6107431564817,805.4539851831421,794.7535499790049,796.4052734375,17998470
2024-01-09,798.1766851243468,803.2755670838737,788.4098233393704,790.2052001953125,25326888
2024-01-10,786.6145023545687,794.7295829425168,785.8484865302768,792.8145141601562,16115824
2024-01-11,794.7535608406137,796.1419974247106,786.6145183500772,789.4871215820312,18314010
2024-01-12,790.9233945544381,792.8384633063858,782.1140666068262,785.752685546875,19773552
2024-01-15,788.8646116180252,804.7597161030749,786.9016779868482,800.8817138671875,28320356
2024-01-16,800.977445326437,806.0763271840818,793.8438030727146,803.921875,25322500
2024-01-17,751.6644868680132,764.4954709128732,731.7477834906084,736.1045532226562,170145236
2024-01-18,715.2782083529884,725.3323197153799,708.5994291824192,711.5198974609375,161070930
2024-01-19,720.999446229209,723.0581685801238,703.0217728163159,704.0989990234375,109600538
2024-01-23,701.3939438294391,706.0379622645205,682.243255943311,683.3683471679688,115469402
2024-01-24,660.8184204446432,698.2579916906107,660.8184204446432,697.0371704101562,86004404
2024-01-25,695.4093846155678,697.7313939357863,679.5622013776972,686.9830932617188,98941852
2024-01-29,693.2788688648152,700.3406850803747,692.2016426624417,696.438720703125,65645498
2024-01-30,696.3908230536141,700.5321123941566,689.8556393766623,691.4834594726562,41728768
2024-01-31,689.1854007024332,706.1576749666016,687.8927526091608,700.2210083007812,65761040
2024-02-01,701.4179208991782,705.5113454583611,697.1090160306093,702.040283203125,32690740
2024-02-02,706.1816237651476,708.9824002114282,690.4062678183428,692.3692016601562,44867754
2024-02-05,692.2974201794814,695.1221585479817,686.5761751120126,691.746826171875,38605046
2024-02-06,692.0819428119112,694.0687799185687,685.8818725644124,691.3876953125,41075740
2024-02-07,695.6487048996299,696.0317420167268,683.0332015338389,684.6130981445312,54837086
2024-02-08,684.5652392978377,688.9220089386799,670.5134342809237,671.7343139648438,69106124
2024-02-09,666.515758652701,677.0725401801844,664.0500959229506,671.9976196289062,56642124
2024-02-12,670.1065041980137,676.8092448082598,662.3025756816373,665.4863891601562,34447812
2024-02-13,666.4200252792418,672.3567506453555,662.7814060042901,667.616943359375,57580994
2024-02-14,658.7836570696176,666.2045485555035,652.8230288985812,662.6377563476562,91320810
2024-02-15,663.0925826953933,677.6949825309235,662.7813723217212,677.0007934570312,41584944
2024-02-16,681.7166435513678,683.5359238875297,674.31965507416,679.8015747070312,32175742
2024-02-19,684.1583399970523,684.1583399970523,677.5513291516161,678.4609985351562,34451756
2024-02-20,677.4555450204665,697.6834579371554,675.9235134549672,696.2711181640625,56133508
2024-02-21,700.9151754054046,700.9151754054046,687.0309267122648,689.017822265625,45893136
2024-02-22,678.7721678686664,684.0625685726841,676.1149866485335,679.6339721679688,50560882
2024-02-23,681.0703499192647,686.5043463190802,678.8919356342462,680.13671875,29833452
2024-02-26,676.7614094932516,686.9591159463556,676.7614094932516,680.9506225585938,23506870
2024-02-27,676.7614127525852,683.0571548064959,676.5220291476985,679.9212646484375,32087150
2024-02-28,679.9212222820232,681.8601942948292,672.1891206373224,674.7744750976562,25321986
2024-02-29,671.2794957514693,675.2532869853846,668.9814482015562,671.9019165039062,53295700
2024-03-01,670.2740637422462,685.9536891619308,670.2740637422462,684.9961547851562,34738898
2024-03-04,685.0919059296933,687.9884708858845,681.9081507835436,685.9297485351562,35616474
2024-03-05,680.806915575396,690.8610261429652,680.6393587545882,689.8316650390625,37991672
2024-03-06,686.3366868886952,695.5768580281541,686.3366868886952,690.6694946289062,42409530
2024-03-07,692.0579662212759,694.7151474764962,690.0950324505662,692.34521484375,49348046
2024-03-11,684.6371268147891,692.2734406211868,681.2857562639475,683.5838623046875,50531094
2024-03-12,686.5522029862251,700.9152197851,684.2780586597365,698.7847290039062,65418454
2024-03-13,701.6333514911945,704.553819805337,694.260324713518,699.191650390625,63067454
2024-03-14,700.0055299615263,701.8727337796063,691.4835086418929,696.8217163085938,52432158
2024-03-15,694.2124563732988,698.665014815619,690.5020104857863,695.481201171875,143613804
2024-03-18,692.7761555716247,697.0850604784281,687.413986176019,692.3213500976562,21437856
2024-03-19,687.2703309378574,695.361508487081,687.2703309378574,693.9012451171875,36183594
2024-03-20,693.7575794231888,695.0023623556473,682.0756489825828,685.1397705078125,43606094
2024-03-21,690.6695449843953,694.8108929167894,688.6108811083764,692.1776733398438,28922860
2024-03-22,689.9034770136652,694.5714568199686,688.3474837448974,690.7891845703125,45980326
2024-03-26,683.2964992802526,688.4432464905726,680.8787600753138,682.4347534179688,56844290
2024-03-27,681.5490768981103,693.2309499256703,680.4478889511747,689.7598876953125,62168668
2024-03-28,689.7598723903825,699.2394862002545,689.7598723903825,693.20703125,55592142
2024-04-01,698.0425707036562,705.6071157662267,696.8935177463561,704.0271606445312,25199570
2024-04-02,701.4657094654401,715.6850706043787,700.5560401814738,708.647216796875,41225446
2024-04-03,704.793175292623,716.0681660997278,704.4580616337976,709.6766357421875,45584386
2024-04-04,720.065912216293,732.5138601668406,720.065912216293,731.3648071289062,88935066
2024-04-05,736.8227010597361,744.2435924609226,732.5856231419043,741.8737182617188,59055902
2024-04-08,744.4590593119542,745.5602472863112,738.0436253706997,740.4613647460938,20482940
2024-04-09,744.4111567395224,744.4111567395224,737.4451291623751,741.3949584960938,21884494
2024-04-10,742.041335404094,742.041335404094,733.9261958559255,735.5540161132812,27807400
2024-04-12,728.2048847735614,732.4419626511461,724.5901691674342,727.223388671875,41084208
2024-04-15,716.9778144689066,722.9384424882777,714.3445949763995,715.61328125,23415248
2024-04-16,711.9268363888184,724.3269187314523,709.6526921569106,722.5794067382812,20744886
2024-04-18,722.8427124294902,727.1755203466597,713.8658277959437,715.61328125,34234884
2024-04-19,711.7113984519393,734.8836839791993,708.6951417404246,733.13623046875,34576434
2024-04-22,745.6320106114753,745.6320106114753,722.12455398941,723.99169921875,42298438
2024-04-23,730.7423487447305,730.8380788006147,719.7067421926132,721.7893676757812,26827060
2024-04-24,725.3323355684494,728.5640142912791,722.4836939974829,723.7523803710938,22441580
2024-04-25,721.1430939897369,727.5824894434112,721.1430939897369,723.2975463867188,35445204
2024-04-26,727.630384206722,731.5562517090086,720.807951885483,722.8427124023438,24854694
2024-04-29,725.332350292873,734.6443494985349,721.286790594288,732.2744750976562,36093350
2024-04-30,732.1307565147657,737.0620819015442,725.2844208297038,727.7739868164062,52307382
2024-05-02,728.6836398774014,735.8651474977438,727.893662350512,733.5910034179688,33475006
2024-05-03,734.0697907360874,737.5887178779653,721.5978821158841,727.5346069335938,31865242
2024-05-06,728.6836626849343,734.6682525558684,726.361653503664,728.994873046875,28793396
2024-05-07,728.6597013791286,729.6651592326485,720.1376804638342,721.09521484375,28480602
2024-05-08,716.2117457291306,716.6905129132654,708.7429893452799,709.8441772460938,41687862
2024-05-09,706.1576388307392,711.8071150125822,691.9622384959757,693.0155029296875,46281278
2024-05-10,698.3538309269745,704.6385064038308,692.4331341667237,697.8200073242188,27276608
2024-05-13,694.956710818051,708.4482125597933,694.1317160729689,706.2400512695312,27047202
2024-05-14,704.7841569928967,711.2144479759614,703.8378359787137,709.0062866210938,25665142
2024-05-15,708.39964782104,708.39964782104,696.8009063196256,698.1112060546875,38931996
2024-05-16,701.7752582341244,709.782790041372,696.655267230535,708.6665649414062,34945236
2024-05-17,701.8480628860959,712.4277355160416,701.8480628860959,710.5350341796875,20920190
2024-05-21,703.7407019802051,713.2526672307866,703.7407019802051,707.962890625,43769978
2024-05-22,707.5018325662894,711.2629460513618,702.7943980944078,708.156982421875,39996278
2024-05-23,707.8901303438163,725.8464148427264,707.1136542137513,724.3662109375,40861920
2024-05-24,721.891213218191,737.6151076266391,721.1632556922566,736.3047485351562,31060206
2024-05-27,739.2893866819511,749.7962521608212,737.2026106511589,741.4004516601562,29385440
2024-05-28,742.5650824828549,745.4526824425712,739.9930018261246,742.7592163085938,27908904
2024-05-29,736.6929693394153,739.5319916615282,728.5641108173895,731.9855346679688,35147706
2024-05-30,727.569210732381,739.4106642295702,726.8170235494816,735.1642456054688,33755350
2024-05-31,737.1781981815107,745.4283820979595,734.7516735002022,743.268798828125,74079588
2024-06-03,776.0026570209221,776.0026570209221,752.2227131847588,762.9964599609375,72637256
2024-06-04,755.6198511271432,756.5904610836327,705.6334383679294,719.7800903320312,89531240
2024-06-05,725.06989130594,756.8815955434779,719.3917877908412,753.0962524414062,81631650
2024-06-06,759.4537360573207,759.7206182378197,750.5726316827747,756.9301147460938,46422870
2024-06-07,757.5852892641512,768.8928586568827,753.2175448676818,763.5545043945312,36712216
2024-06-10,763.8700759254958,767.0973660487972,755.9110620154896,757.7067260742188,22454058
2024-06-11,755.1345658211561,762.4141406844706,753.2903831592504,759.4052734375,29545326
2024-06-12,764.3553074238586,770.8098870497467,760.1816966411113,763.9428100585938,39280436
2024-06-13,767.6311790204475,769.5481100621035,763.8700652936205,767.1458740234375,24120192
2024-06-14,768.7230745298527,776.0026490992642,765.6656295141681,774.9835205078125,25540554
2024-06-18,774.9834796730435,781.5836150866086,771.3679222826127,780.2733154296875,32415714
2024-06-19,782.9910830915752,810.4108150397882,778.4292043351105,804.5628662109375,90131196
2024-06-20,810.3622215983705,816.0159768197282,801.7237698729426,810.143798828125,41408742
2024-06-21,811.8424431419929,811.8424431419929,797.4289085916951,808.3967895507812,51630776
2024-06-24,799.2972656586157,812.9343231272944,798.6906344612428,811.6240234375,28544994
2024-06-25,810.9931467609703,833.2443684249017,810.9931467609703,830.5266723632812,74521548
2024-06-26,828.8765922572081,830.3082774504516,820.699215435536,825.7463989257812,47596666
2024-06-27,823.1257354693937,831.3274011881083,818.5153383232833,823.1500244140625,55074650
2024-06-28,823.8537284054296,828.2214732583296,814.8270675577021,817.1565551757812,26476046
2024-07-01,815.3123309202279,828.5611799942127,815.3123309202279,827.5419921875,21187024
2024-07-02,832.2980286836319,841.9556094944659,826.353042764463,839.8687744140625,45921690
2024-07-03,869.1812101031826,870.6371250279785,856.3934358619908,858.3346557617188,123217802
2024-07-04,854.0154497500956,854.0154497500956,837.0782938778042,838.1945190429688,45848658
2024-07-05,817.7388811097651,817.7388811097651,796.9678045280713,799.8311157226562,82242548
2024-07-08,798.4723137874327,803.1554594894733,789.6640164804963,793.6434936523438,39087800
2024-07-09,788.6205312494033,799.1516248009418,786.363851419409,794.2015380859375,48550878
2024-07-10,791.0227700970487,795.9001084827571,786.5579883069686,789.1543579101562,45507182
2024-07-11,788.111050667459,789.0331420386741,776.9733243368038,787.1162109375,44177074
2024-07-12,787.1646437212287,795.1236568993513,781.8990967628511,787.5043334960938,56049960
2024-07-15,787.8926346206944,790.9500796896383,783.8645795922547,787.2131958007812,33375694
2024-07-16,786.5579978211608,789.5911537590798,784.6410669649267,786.0726928710938,28950324
2024-07-18,780.3704345530638,788.1110255525017,776.0754971813087,783.6705322265625,33717064
2024-07-19,784.2528302190582,787.649965003423,778.1865181041212,780.0307006835938,26002152
2024-07-22,784.7381297391379,801.2384985771903,782.6270649860646,797.1376953125,53744822
2024-07-23,799.5642547535156,799.6855810002239,778.9145038672318,785.4176025390625,52002152
2024-07-24,780.4432298173384,786.6793870769927,770.6886113878456,778.4534912109375,61728206
2024-07-25,773.0908208499962,788.6205799631161,773.0908208499962,784.5440063476562,25535732
2024-07-26,778.9144923179402,787.0433507268658,774.7651110455088,785.2962646484375,43810540
2024-07-29,783.7675425920842,791.9449196556922,775.6629731237323,778.9387817382812,51001148
2024-07-30,777.4586392048833,793.3523785519244,776.0027241501925,784.0345458984375,54595834
2024-07-31,783.2822470366172,790.0279981871195,780.9527594083772,784.1315307617188,37820484
2024-08-01,787.6014491725216,800.7774909815698,785.1991540216145,795.3178100585938,26215174
2024-08-02,791.5324392939043,810.7019864135299,791.5324392939043,805.1937866210938,44119238
2024-08-05,795.9486953170099,798.8120065813332,776.9732822215763,784.1315307617188,41333634
2024-08-06,791.0471196604719,792.4787456590307,773.2364505401089,777.0703125,45116050
2024-08-07,784.7381567736204,791.0471215466921,777.5556193354371,787.8926391601562,42346264
2024-08-08,788.1352699911228,802.3547292854007,785.8300713873926,797.21044921875,33976950
2024-08-09,801.7238534511162,806.8438448558267,798.7149861722273,800.8502807617188,26644618
2024-08-12,801.7237659305952,813.3467956202861,799.4670860971137,805.6547241210938,39316196
2024-08-13,790.0765423217451,792.2118961762867,777.0461148817201,778.0409545898438,54055042
2024-08-14,779.6423953037173,783.1365672163911,778.0408652863015,780.2733154296875,32334428
2024-08-16,790.3191371152319,793.061122021343,781.8263002104013,792.0662231445312,27849246
2024-08-19,794.7596647587319,794.7596647587319,787.9896251482922,791.79931640625,19502164
2024-08-20,789.8095595425733,798.8119905444514,789.8095595425733,794.783935546875,31134494
2024-08-21,790.1250159925943,793.2552686183906,785.1264103072706,789.0088500976562,47630904
2024-08-22,792.0177293410987,795.0751744192786,790.0765094162431,791.6780395507812,21300638
2024-08-23,792.988292052303,792.988292052303,787.6499375770427,788.6448364257812,20333422
2024-08-26,792.1148017562012,799.7583555491682,792.1148017562012,795.8759155273438,22364266
2024-08-27,797.550212512406,799.4914324239653,792.1147612152419,794.8082275390625,35773244
2024-08-28,794.808257947526,795.7788679404401,791.1441815277424,794.4927978515625,26921188
2024-08-29,796.8707505966252,798.035494358065,791.6052035874162,795.1964721679688,49052604
2024-08-30,803.6650654368904,806.5768953841255,786.7521983416328,794.395751953125,445342100
2024-09-02,799.2001837658697,799.2001837658697,787.7469400055302,789.5668334960938,34049680
2024-09-03,792.9883149182248,795.8758557711201,788.4264363868309,794.6140747070312,37282860
2024-09-04,795.4148650304477,798.2296576209254,792.0177301584446,796.7737426757812,24682744
2024-09-05,798.8119853769339,800.7046866194709,796.8707654853739,798.5450439453125,22876318
2024-09-06,795.0751309568867,799.6612390821284,793.0368146024134,794.419921875,26029602
2024-09-09,794.9295342541234,800.0252363967779,791.0956131747174,799.0546264648438,23792914
2024-09-10,802.694470803164,802.694470803164,794.9295907953946,800.923095703125,26606646
2024-09-11,800.9473289635273,801.9664575454252,795.5118777911906,797.7928466796875,22226684
2024-09-12,802.6944342572692,810.4593139115112,799.32158835399,808.8092651367188,32424046
2024-09-13,812.4005643686717,812.4005643686717,804.1746683722245,808.4938354492188,23860532
2024-09-16,809.0033572167779,814.2446744093743,807.5717313009576,810.9202880859375,15172820
2024-09-17,814.3417351276187,814.3417351276187,807.6202731787942,809.876953125,20127122
2024-09-18,811.3571488361771,824.4846727250206,810.9931700877765,822.4949340820312,40917342
2024-09-19,824.6301946967953,834.2392569551141,824.6059649927001,829.1435546875,30651776
2024-09-20,833.0259912779876,846.8328941482245,828.6825354394553,845.0130004882812,60623386
2024-09-23,848.7983557064159,857.2183847223622,844.551937403139,854.0396728515625,26965350
2024-09-24,856.5632532087773,864.6435926298055,851.3462248960326,858.04345703125,33039036
2024-09-25,854.2095613390953,867.7252930088929,854.2095613390953,863.4060668945312,31965312
2024-09-26,860.4699657541129,867.7252510639614,858.0434410028155,865.51708984375,31899644
2024-09-27,862.3869891777302,862.9693314840181,849.2837541142532,850.56982421875,35613502
2024-09-30,848.7013681367213,849.987378933711,836.8599148404105,840.572509765625,26383534
2024-10-01,836.6657512217993,845.4012405036974,834.7730500291224,837.7333984375,24572284
2024-10-03,832.613483062025,837.7091852435565,812.0850591484665,816.282958984375,48473398
2024-10-04,812.6431974622866,820.4808848190723,802.2091402837622,804.4658203125,48683232
2024-10-07,801.8208473760044,805.1209448670484,782.7969162571121,785.1264038085938,94458296
2024-10-08,791.0470635179641,804.0532597925816,787.1646239424159,801.2627563476562,29734406
2024-10-09,800.510591541895,804.0290527657074,790.4162239204929,792.5758666992188,41125642
2024-10-10,795.4147877416559,808.2510795642027,792.2603056670246,806.7709350585938,21754766
2024-10-11,807.7659152352597,807.7659152352597,797.4774725282647,801.2385864257812,23672594
2024-10-14,803.689357680797,821.1603374358971,802.6944587482099,819.2433471679688,18527508
2024-10-15,822.1066552857113,824.0478752509669,813.1285129464045,817.3021240234375,19651130
2024-10-16,815.3609038822862,828.8766360391955,815.3609038822862,824.9214477539062,20470682
2024-10-17,822.5676501021808,823.8780090897097,808.1298269832027,811.988037109375,14695732
2024-10-18,807.1107362982874,820.6507576909523,802.7429912839654,816.210205078125,24809724
2024-10-21,832.2980010606213,848.3858722296796,830.3810701774502,838.9466552734375,46548354
2024-10-22,839.6018778313584,844.4306385333365,830.2111793718472,832.0796508789062,38875280
2024-10-23,827.4693270680456,847.5851959404977,827.4693270680456,842.3924560546875,38036090
2024-10-24,843.5085346118838,858.3346247570413,843.5085346118838,849.1138305664062,30832258
2024-10-25,851.7102142266036,853.0933215296461,838.9466699408074,846.0806884765625,26130478
2024-10-28,845.4012471416386,849.7689918168825,839.043763962605,841.6158447265625,22012142
2024-10-29,837.7092042477628,856.0779859182065,837.1996103215174,850.1815185546875,35794926
2024-10-30,845.4012662208864,851.5889046504595,836.7628139716957,841.8099975585938,32715724
2024-10-31,838.6069864702176,843.8968224808245,834.4333755848933,842.3438110351562,22895912
2024-11-01,841.0335262277963,846.4203996311912,837.6849100339031,843.120361328125,1759692
2024-11-04,846.8571409139798,846.8571409139798,830.3082539054162,831.8612060546875,28089248
2024-11-05,826.4743572133567,855.447039991069,823.999313734677,853.0933227539062,44232406
2024-11-06,859.7178102794018,859.7178102794018,847.0270726401069,851.8316040039062,27787910
2024-11-07,846.5174998307751,854.5977803501312,843.4600547619757,847.6094360351562,18895456
2024-11-08,850.2543248355499,855.0103373353861,847.2696873607207,851.4432983398438,19902986
2024-11-11,851.4918803256005,865.2017460745226,849.8660612419557,857.1942138671875,24565362
2024-11-12,859.9603824917264,861.4162973605047,829.2163253609564,833.8509521484375,31395406
2024-11-13,833.1472753910937,839.2863948751228,811.9151837654287,815.9674682617188,35728500
2024-11-14,811.9637453515568,827.3721783747438,811.4784403744485,821.5,27146470
2024-11-18,825.0184258091194,834.190701332557,822.5919010273279,827.4934692382812,27081968
2024-11-19,831.8127176211167,851.1035901563789,826.3287477699067,845.5225830078125,50981272
2024-11-21,848.9925368361551,853.6514527573436,841.6158656563873,845.0130004882812,35716512
2024-11-22,846.1535367827626,851.370565411524,839.3592669406547,847.1483764648438,24773612
2024-11-25,866.293664684976,875.2718066744363,856.5147576427843,866.560546875,427737274
2024-11-26,878.4019987795361,878.4019987795361,858.8927626136716,866.5363159179688,30935566
2024-11-27,868.6473457001546,881.9689429401197,866.3421471774458,879.5181884765625,32714976
2024-11-28,882.7697308653094,891.0684339141281,867.725276958314,870.224609375,35722392
2024-11-29,874.1798701470966,875.7813410106078,865.2502468100779,871.6320190429688,27669536
2024-12-02,875.2475527258944,877.5042327860683,861.4163604593637,875.8298950195312,15110876
2024-12-03,884.5652937811867,891.6993119709169,881.3622930133588,886.3124389648438,43410242
2024-12-04,891.9905313310416,905.0937654692016,888.6662041479593,902.7157592773438,44669084
2024-12-05,902.6672600453907,912.349070670313,890.6316728815866,905.457763671875,39682714
2024-12-06,901.2113107944992,904.7054828102569,894.9023463139778,900.6531982421875,17783156
2024-12-09,899.5855395249345,912.3733132102273,897.3288596413352,907.520263671875,26947912
2024-12-10,911.2571214453396,911.2571214453396,901.9635786325839,906.5982055664062,13325480
2024-12-11,903.492253077643,908.4423993938311,901.0900171351183,904.1716918945312,14045426
2024-12-12,898.299517608064,906.8651623497835,897.183292457994,902.3032836914062,17293790
2024-12-13,903.8804969466607,909.9468090067054,887.7441068669418,908.3695678710938,19009002
2024-12-16,905.1422772502634,907.4959944793276,900.3620351992098,905.1907958984375,13107082
2024-12-17,900.8958970749953,903.8077269850552,886.4095551207139,889.6853637695312,21079532
2024-12-18,888.0353013877913,891.0199388482123,877.0189020931173,878.74169921875,23422312
2024-12-19,873.3548187057529,874.0827761662058,863.3575480971324,870.3944702148438,25380770
2024-12-20,864.9105130352275,872.3599918831414,857.5581899695972,859.7177734375,25692348
2024-12-23,864.8134464007626,876.4607655442072,864.4737566222769,874.0342407226562,11044592
2024-12-24,874.5438823482602,877.7711131439431,868.4775699633949,872.6268920898438,14485834
2024-12-26,872.8452779528201,879.3726061062491,864.2068257857081,869.0598754882812,10481678
2024-12-27,871.0254284954694,876.4365317952429,868.2591544798911,872.69970703125,7259330
2024-12-30,869.7635560951499,880.8285332674382,859.4751142791366,862.82373046875,22222218
2024-12-31,859.1354326463724,864.7164399349241,856.8544636879918,860.3729248046875,14117236
2025-01-01,860.6640085965884,870.637048653108,854.6705045302124,865.1773681640625,7313806
2025-01-02,862.4354683380634,875.2232427161829,860.4457297678027,870.5158081054688,18558576
2025-01-03,869.1811561312279,871.2437021466147,847.4880487953375,848.8953857421875,24426194
2025-01-06,844.4792128300473,852.777916424571,827.8332869896011,830.1141967773438,18816348
2025-01-07,832.2979604198381,835.2097900189746,825.018386421997,831.521484375,13527906
2025-01-08,829.022239132803,830.6722879270967,816.9381331798057,822.2522583007812,19738190
2025-01-09,817.3263871062876,819.6801043914131,804.6841687860751,809.3916625976562,40420222
2025-01-10,810.9445873725031,812.8372885629307,802.6944030605147,804.0289916992188,17453280
2025-01-13,795.9002084068898,799.1760171914914,788.2809435229427,791.4596557617188,21669066
2025-01-14,795.8516298211142,803.7620652641559,794.4442335639691,799.1031494140625,26661432
2025-01-15,803.9076378434971,806.9165047926833,794.1045016943054,797.3803100585938,14022892
2025-01-16,802.1363163454865,805.873200199019,797.2832665938832,801.7481079101562,21212454
2025-01-17,797.5987456720695,800.9958805790999,790.31917087129,794.3229370117188,23112076
2025-01-20,789.1058522041777,806.0672365854673,789.1058522041777,801.3598022460938,17557618
2025-01-21,804.756952160241,806.115829748555,792.5272908307279,797.0648803710938,31158144
2025-01-22,797.0648841596673,811.3813805875693,788.8389294808721,808.5423583984375,30619306
2025-01-23,818.70954271768,818.70954271768,801.3598888041311,807.9843139648438,34909158
2025-01-24,805.6062761215885,810.6049411699597,798.0840488445496,800.6561889648438,24236200
2025-01-27,796.433983923838,797.6472463633178,789.1058906376462,790.9500732421875,22804166
2025-01-28,799.2972339352833,817.3991318429769,799.2972339352833,810.6533813476562,30179312
2025-01-29,812.8857890816031,815.8704263644069,809.9011517987993,814.0020141601562,12619890
2025-01-30,815.7976693049923,823.9993352943973,811.696865930955,820.8933715820312,25744846
2025-01-31,818.830797136207,827.2993450265934,817.2292670650723,824.4118041992188,15821686
2025-02-01,823.8051750140157,831.3274019434516,813.3954072501344,820.6264038085938,5587528
2025-02-03,810.4592960980566,818.6124432523412,807.2805248629369,814.3417358398438,20276540
2025-02-04,819.5345205841194,837.5393832746403,815.3366797744094,835.161376953125,28616502
2025-02-05,841.0335494558958,846.4689416589049,834.1907609306318,843.363037109375,23675506
2025-02-06,842.2467875560731,848.7984047453597,836.6657803207547,846.299072265625,26760716
2025-02-07,849.2836809798144,857.5338653093327,837.1510569658171,840.9121704101562,23509600
2025-02-10,833.4142336911924,836.3988118099606,829.1435263354559,832.6619873046875,17195950
2025-02-11,826.4744131617251,830.3568531530897,819.5345279806279,825.6979370117188,22724704
2025-02-12,821.6213102303759,830.8421046157138,815.8946879155817,828.3185424804688,22809570
2025-02-13,824.5331418355402,831.9340426083429,821.8882534526111,823.9022216796875,12602434
2025-02-14,825.9405276867242,825.9405276867242,815.3123371576534,822.5191040039062,19959892
2025-02-17,817.8359099627821,834.7245465784594,815.918979031997,833.4384765625,12938946
2025-02-18,831.3516624481879,840.329803960056,828.003046468469,836.2047119140625,16350910
2025-02-19,833.268662828246,843.4115489066289,831.0605014404679,838.21875,11884112
2025-02-20,830.3567961314325,832.152400807599,817.8844822121968,818.7579956054688,26390510
2025-02-21,815.7491363030065,822.5676355898997,813.9777613134116,821.378662109375,15680940
2025-02-24,815.8461881773111,817.3506217636291,806.1400885993494,813.9049682617188,20693646
2025-02-25,810.9931388087847,819.1948048046805,810.9931388087847,816.4528198242188,24138708
2025-02-27,816.5499163188684,830.235493033587,816.5499163188684,825.358154296875,35786800
2025-02-28,817.738902393146,843.0960879421323,817.738902393146,840.7423706054688,54516728
2025-03-03,844.3336683269105,845.9109095874281,822.1551941342151,825.770751953125,21205364
2025-03-04,824.04786119963,831.9583561196923,821.7426625301964,829.8715209960938,19920958
2025-03-05,825.9647760106438,830.2597724194886,819.316121569752,820.1654052734375,21583872
2025-03-06,818.7094845214233,824.9699304836942,811.5512362127743,820.7477416992188,32966088
2025-03-07,816.2829306934012,825.5765323887408,814.1475770525966,819.8013916015625,13372914
2025-03-10,819.6801059027778,824.969941998729,816.7925649870414,818.9521484375,15604050
2025-03-11,816.4771337496867,822.1066598317914,810.4836289220838,817.9815673828125,19898430
2025-03-12,820.9176607269924,833.9966062113717,820.9176607269924,830.4296264648438,18784106
2025-03-13,832.8076029783965,835.1128015457978,825.0427235934661,828.221435546875,15736264
2025-03-17,827.4450150114936,836.6658099001849,827.4450150114936,830.065673828125,18950652
2025-03-18,830.065673828125,830.065673828125,830.065673828125,830.065673828125,0
2025-03-19,842.004146653194,849.7690263917825,840.6452690024086,846.42041015625,15221406
2025-03-20,851.2248697686616,860.930968625773,848.9439602337709,858.3831176757812,17833978
2025-03-21,851.9771897387066,860.9795616616999,851.9771897387066,859.15966796875,33508264
2025-03-24,863.3575457763671,875.6843039218336,860.7611760226637,873.5489501953125,17393736
2025-03-25,875.9269782864857,894.7567761384419,874.2769294910811,883.958740234375,39101416
2025-03-26,885.681575218163,886.8948376499686,874.5195608455505,876.7277221679688,24478442
2025-03-27,873.548970937254,893.4464752752693,872.6268796196651,885.8514404296875,41658100
2025-03-28,887.6227647317345,891.0198994245295,876.3879431494396,887.2344970703125,28773648
2025-04-01,874.5195883202217,878.3535095734435,856.7331486628899,857.9464111328125,28511006
2025-04-02,859.3294691298255,873.16066049231,859.3294691298255,872.0444946289062,11573564
2025-04-03,864.3766781830471,875.490173946712,862.3869396359797,871.0496215820312,11250038
2025-04-04,879.857988965376,893.9075454015215,878.9358975919937,881.94482421875,33540454
2025-04-07,855.4956105111871,863.7700245665659,843.5570610557007,853.0205078125,37995450
2025-04-08,856.5633039940931,864.8134887917699,849.4293443655757,858.5773315429688,35563872
2025-04-09,856.5632934570312,861.4163432783175,850.982286162552,856.5632934570312,22454608
2025-04-11,861.2950087869681,882.9638878798253,861.2950087869681,876.8247680664062,32775766
2025-04-15,905.0938067366918,910.8204293176711,900.2407568346184,905.0452880859375,49298344
2025-04-16,914.2175636339349,914.2175636339349,902.9099336731801,911.4027709960938,19136820
2025-04-17,913.3439841876462,931.6399584740437,910.7718440638052,925.3309936523438,35703084
2025-04-21,933.7267676045618,946.6843866809207,926.9324979858176,935.231201171875,34247298
2025-04-22,939.0651467003056,956.3419923313835,939.0651467003056,952.0227661132812,45961750
2025-04-23,960.3699954066212,960.3699954066212,932.0281739470523,933.67822265625,30570642
2025-04-24,926.9325074354753,933.6782584739785,924.5545011964061,930.2326049804688,25931754
2025-04-25,934.1150265036636,938.094503546439,918.099962552793,927.5148315429688,18500878
2025-04-28,927.5148236825167,936.4929655182809,926.156005327847,931.882568359375,13920492
2025-04-29,931.2032084346736,936.0562581779409,922.1764885191324,926.3501586914062,18918308
2025-04-30,928.3883766867898,939.9871769317172,927.0780770079656,934.2120361328125,31936870
2025-05-02,936.5416240313868,942.4138027541906,931.7856112772921,932.7077026367188,17840404
2025-05-05,941.0063068714467,947.3152712805899,937.754787372496,939.9386596679688,15068024
2025-05-06,936.638567281111,941.5401354999643,933.8723527219415,937.4635620117188,17490156
2025-05-07,938.5798247058746,945.7137841650697,932.9502988258117,944.2093505859375,21420778
2025-05-08,948.6741890736062,948.6741890736062,931.348765916796,935.91064453125,34803430
2025-05-09,926.9809824392288,931.3002083857921,915.6734125356725,917.0807495117188,17188796
2025-05-12,930.62086195116,951.1492872756219,928.0487809799312,949.8389282226562,18618972
2025-05-13,946.3446699698328,952.0227142931207,931.7855212010662,933.0473022460938,24242102
2025-05-14,932.8047011833116,936.7356597192896,923.5353878045329,927.2236938476562,15445308
2025-05-15,928.6310733577037,943.8211428321799,920.6235412383402,938.4827880859375,32241458
2025-05-16,938.4828285590543,943.3358785376587,935.8621697223413,938.9195556640625,15868010
2025-05-19,940.0357230243618,943.9181627683963,937.1238932163359,940.8607177734375,10202964
2025-05-20,935.7164876572758,938.8709699179398,928.3883945615378,929.3104858398438,23879090
2025-05-21,935.1826696209016,944.8402502940019,932.3193584728106,935.0856323242188,15132040
2025-05-22,929.4560915529987,933.8238364554871,924.603041661345,931.737060546875,21306670
2025-05-23,931.8340640363383,940.0357299039,929.1163680438908,938.3856811523438,9566072
2025-05-26,939.0650610496285,946.2961165204464,935.1341028748952,941.588623046875,10802860
2025-05-27,937.415037254252,945.3740503477449,929.989907003196,934.8429565429688,26162148
2025-05-28,931.8825397952628,938.8224242656362,930.6692774222134,933.4840698242188,18157594
2025-05-29,935.6679454442282,941.8798725130029,925.6221566559584,935.42529296875,28917794
2025-05-30,937.560664423884,945.7623300992254,934.406182182701,943.86962890625,28748078
2025-06-02,936.6870439378242,939.5503549048592,925.9618167140865,937.6576538085938,14668822
2025-06-03,940.5210428582492,947.3153125176999,931.7855532960983,934.0179443359375,24377584
2025-06-04,932.2708380103269,943.0931624292062,932.2223193620798,942.073974609375,12961542
2025-06-05,945.3740366284826,950.6638723983343,941.5886343458625,946.1505126953125,22255418
2025-06-06,943.432829986841,968.8143027617217,942.8019098505041,960.2728881835938,30127008
2025-06-09,968.1834546397668,968.1834546397668,958.9141411829606,960.3700561523438,13202588
2025-06-10,962.2627345803987,962.2627345803987,951.7315810074685,953.7698974609375,15533126
2025-06-11,954.8860400853163,954.8860400853163,944.8887696252715,946.538818359375,11096394
2025-06-12,946.3446634564742,951.68301796828,939.2107043054103,943.1416625976562,16349130
2025-06-13,931.7855323379068,938.0944968797781,928.3883975845915,930.6207885742188,12117762
2025-06-16,933.7267280054107,940.957783641244,931.8340268436207,939.2592163085938,16513746
2025-06-17,940.0357266330969,942.268117646221,931.3487558242051,936.4444580078125,16978736
2025-06-18,930.329645039179,939.6960548333931,930.329645039179,938.5313110351562,18433816
2025-06-19,938.5313155721643,944.7917616817875,934.5032605291775,939.2107543945312,16876220
2025-06-20,937.4150552584099,956.0022590492599,937.4150552584099,953.4786376953125,32900408
2025-06-23,945.5682373046875,950.1786346265085,942.3652362767411,945.5682373046875,11739518
2025-06-24,953.6242600004867,960.4185295373859,949.0623814631601,951.634521484375,22625322
2025-06-25,954.1096083800328,961.8744882040819,953.0904797513926,961.0009155273438,18405932
2025-06-26,961.5832432953354,983.7616558949239,960.9038045145849,981.1895751953125,50084830
2025-06-27,987.6660313444861,991.0024333509556,978.0494242399598,988.5982666015625,28213384
2025-06-30,986.9301202198938,988.0586250503452,979.0798184930638,982.023681640625,13649020
2025-07-01,983.740927917604,989.138010315157,983.250284063281,987.2244873046875,14389386
2025-07-02,991.0515399227539,991.0515399227539,970.4444979040134,974.418701171875,18878250
2025-07-03,978.7854199779471,985.2128423794024,973.584607191008,974.9583740234375,16860506
2025-07-04,974.9583893832662,983.0049605598704,971.4748300017685,976.037841796875,7863944
2025-07-07,975.8906089947405,980.5026731224453,973.3392849545877,975.1055908203125,11349426
2025-07-08,970.0028875050783,983.740915249207,970.0028875050783,981.974609375,15224316
2025-07-09,984.7221568062151,988.058558773539,980.3554147849677,986.7828369140625,13861428
2025-07-10,989.1379844829171,989.6286283244265,981.2876830187669,984.3296508789062,17030310
2025-07-11,980.306453474884,983.642855752239,971.9164552660966,973.2902221679688,12516922
2025-07-14,972.94677734375,975.7434233970494,966.8627814826074,972.94677734375,13088850
2025-07-15,968.0403470063502,983.0540373178538,968.0403470063502,979.079833984375,14498168
2025-07-16,990.1192370651518,992.4252390812768,977.6568719540081,979.4722900390625,17994612
2025-07-17,983.2502269350301,983.6427659529008,972.7994894879338,974.8602294921875,22529158
2025-07-18,974.8602232374529,979.8157138677898,958.2273856704023,960.38623046875,16129446
2025-07-21,970.5916382285527,982.2689857931025,969.7575676423911,981.5330200195312,22309078
2025-07-22,987.7151032772119,990.1192700741381,982.7596124670459,984.771240234375,14836814
2025-07-23,986.6848008986999,995.9089294093236,982.7596500249109,993.2103881835938,13634916
2025-07-24,999.7849522880986,999.7849522880986,985.4091233743482,988.2548217773438,19107176
2025-07-25,991.1076548914018,991.1076548914018,983.237817433207,985.9922485351562,9306598
2025-07-28,985.205265864704,994.2555908496133,983.9756037755068,987.9105224609375,12059580
2025-07-29,983.6804999207345,996.7640925817828,981.9097985152405,994.3539428710938,19895696
2025-07-30,997.5018784172968,999.764444634085,992.091365270063,996.4197998046875,15154036
2025-07-31,990.9108782036614,999.1742313953042,987.664582321978,992.6815795898438,22183032
2025-08-01,990.6157884442932,997.6494796779898,988.3040477115343,989.7304077148438,11317258
2025-08-04,988.6974801605747,992.8291567300697,977.8764539291843,979.7947387695312,13933946
2025-08-05,977.0894619202779,980.975205994727,966.7603007320947,972.7118530273438,23978058
2025-08-06,969.5147509914575,977.8272785976125,968.9737116887809,976.499267578125,14080204
2025-08-07,973.9415460716062,984.5166400056098,972.3184281442016,981.4671020507812,13081186
2025-08-08,977.3846207407715,980.1882863803764,968.9737439061473,970.8920288085938,13895264
2025-08-11,971.8757166821836,982.5491593344192,970.4984711596596,981.5654296875,9105854
2025-08-12,979.7455870293594,981.7622208654035,967.7440729221851,968.924560546875,12937802
2025-08-13,980.7784409396806,980.7784409396806,968.5309950398891,974.0399169921875,13577396
2025-08-14,972.908633518138,981.7622004561191,969.5639286580633,979.35205078125,17511716
2025-08-18,988.6483131467888,996.8132573563983,981.5654475516468,985.5003662109375,19284796
2025-08-19,982.8935135816985,986.7300232295675,977.1878335213248,979.35205078125,12352438
2025-08-20,977.3354453835109,979.7947696044055,973.4005266300795,977.9256591796875,9950228
2025-08-21,982.5000176251586,982.5000176251586,975.4663263982883,979.4012451171875,12439850
2025-08-22,978.7618310909676,981.7621945267439,962.6286407512459,966.317626953125,19833502
2025-08-25,964.1534314319724,972.6135426708398,962.5794879672083,966.0717163085938,17518044
2025-08-26,963.5632270654481,969.6623631247153,952.2503356808104,957.5625,16917731
2025-08-28,951.2665723546679,956.3819785474136,939.4618165446824,942.2162475585938,25438255
2025-08-29,938.4781016808785,947.6267755693488,934.6415319653455,936.1171264648438,14823813
2025-09-01,934.1496321868741,941.8719458039564,930.9525108908947,935.1333618164062,20178344
2025-09-02,935.5269334024698,939.2650942089082,928.6408255856272,929.1326904296875,14196320
2025-09-03,929.6245191670979,940.740652202688,924.7058709175366,938.9207763671875,16083481
2025-09-04,944.5772033181551,949.9877162864987,940.6914592688354,945.610107421875,17597657
2025-09-05,951.7584261964354,951.7584261964354,938.5272505370174,947.7251586914062,11602111
2025-09-08,953.2340258485783,957.3165278914954,944.823149393627,950.2828369140625,11711307
2025-09-09,958.1526998830964,958.5462157684692,947.0365666053971,949.4467163085938,13985539
2025-09-10,958.0543466125587,958.0543466125587,946.0528326679372,950.1845092773438,18091100
2025-09-11,944.6755555766032,953.4799478098324,944.2820997482355,952.0535278320312,15113633
2025-09-12,954.1194397337725,954.9555859441327,946.5938836721522,951.5617065429688,14363519
2025-09-15,953.824233432933,956.5294899386951,949.2991011128589,951.3157348632812,14486377
2025-09-16,945.560981879392,953.5783427584718,945.560981879392,951.1190185546875,18661794
2025-09-17,949.4467082101403,958.5462075924,948.6596764461077,950.7747192382812,17361476
2025-09-18,957.4640913046234,963.7108108355188,953.4799980850369,961.0055541992188,17791598
2025-09-19,959.0380500102757,960.8087513537787,946.4462625851606,951.168212890625,31243267
2025-09-22,948.315388056543,955.3982535857159,946.298754270858,948.5121459960938,10854415
2025-09-23,951.2665762064279,952.447063800625,939.9536851760515,941.6260375976562,21022298
2025-09-24,936.7074240016012,940.8882751893465,927.6570988338277,935.5761108398438,15117220
2025-09-25,937.0024763946197,942.4129893816753,931.9854792780051,934.3955688476562,31413279
2025-09-26,929.7228805294212,935.9695999150294,925.9847198182591,929.6737060546875,14874656
2025-09-29,930.6574059019287,941.232499440892,923.8204729543667,934.8382568359375,32398179
2025-09-30,942.4621986714628,944.3804835370663,930.9033750448373,935.5269165039062,28296687
2025-10-01,937.1992488555558,953.8242439027433,930.6082481971154,949.5450439453125,25350832
2025-10-03,936.5106471136629,951.0206597658967,936.5106471136629,949.4467163085938,26658296
2025-10-06,956.0868643620497,961.4973774003239,946.3479168763192,957.6116333007812,18542683
2025-10-07,958.1527020714059,973.7447933808842,955.201513050652,966.514404296875,25535736
2025-10-08,960.1201629857547,969.8591107869768,958.6937429483099,962.7762451171875,15939710
2025-10-09,958.6445364195181,963.0713198098597,954.3653364923583,961.2022094726562,15370950
2025-10-10,963.0713193511867,970.1541847807785,962.1859386567031,964.9404296875,13757080
2025-10-13,958.4477997344204,965.0388004923793,956.1852335153851,961.1038818359375,18634254
2025-10-14,954.2177737318785,964.4977607253469,951.2665847409552,961.25146484375,22934382
2025-10-15,959.1364356766506,968.8753835018975,957.5132576917447,962.3335571289062,23310447
2025-10-16,966.6619807603523,980.384961573746,965.5306676270898,978.1715698242188,22936566
2025-10-17,977.7781081157631,992.5832274986775,969.9574453059425,986.2381591796875,25210511
2025-10-20,980.7784494751901,1003.4042311581684,980.7784494751901,986.6316528320312,22195202
2025-10-21,989.6320299074079,993.5669485153896,987.664570603417,991.3043823242188,3471600
2025-10-23,999.4693402098319,1003.8961237048558,989.6320435542233,992.386474609375,43526526
2025-10-24,994.5506701933195,995.4852253636408,975.1711841959709,978.5650634765625,17707768
2025-10-27,980.286584655995,992.6323796093756,979.9914777728962,986.6316528320312,15700796
2025-10-28,981.4178939740924,991.5994716753507,978.8109864255694,987.2218627929688,33904289
2025-10-29,988.5499498614066,996.0262711888014,983.729650556841,991.451904296875,17769445
2025-10-30,983.7296659041476,993.0750977302371,980.8768258561881,981.9097900390625,19962917
2025-10-31,977.8272677237645,988.1072545286754,965.1863657946757,971.2362670898438,23221330
2025-11-03,968.9737116887809,978.3683179002891,967.3013592642496,976.499267578125,16607180
2025-11-04,970.9411924643373,980.7784892471573,967.6948965344255,969.2196655273438,20024544
2025-11-06,965.0388182096445,974.9252895070431,958.1527104344483,968.6294555664062,22279516
2025-11-07,964.0550607577244,968.8753600783504,958.8904800750938,966.317626953125,15004568
2025-11-10,966.3176552483678,974.8269410200376,964.2518469316628,968.4818725585938,15988262
2025-11-11,967.4981021987119,977.3353986115102,962.0875891716729,975.564697265625,10200530
2025-11-12,982.549186657653,982.7459446009269,971.629811290036,973.4005126953125,13137263
2025-11-13,967.990016129637,973.9907432290495,966.6127705451346,970.596923828125,14124839
2025-11-14,960.169315545859,975.5155341538173,960.169315545859,973.4988403320312,21386965
2025-11-17,975.121999344663,981.7129998984626,969.5639028977658,980.3357543945312,18396408
2025-11-18,981.4178963551165,982.7459073482096,973.8923406153428,976.302490234375,20002640
2025-11-19,973.8923481205824,980.3357652840727,967.9899702531849,978.41748046875,19813847
2025-11-20,979.106143718625,995.1409255797437,976.3025381325072,992.4356689453125,19850865
2025-11-21,986.7792242744008,991.8946306513916,980.3358068377918,981.8114013671875,17499897
2025-11-24,983.7296398293618,994.9933562138265,977.4337461176169,982.8934936523438,32204053
2025-11-25,987.6645910314578,989.7303993265384,972.3184321597589,973.6956176757812,24989383
2025-11-26,965.3338969506472,990.566586579224,965.3338969506472,987.5662231445312,19494356
2025-11-27,985.7954498771661,1000.2562876177888,984.7133712881919,993.0750732421875,25536848
2025-11-28,990.615779865885,995.583602701878,987.8613487922537,991.2059936523438,15988807
2025-12-01,1000.9449320171519,1000.9449320171519,983.0410401436599,985.7954711914062,16746566
2025-12-02,971.9249162739843,978.2208101938114,968.9737272569581,973.6956176757812,27316662
2025-12-03,969.957416921422,985.9921979107919,969.957416921422,984.2214965820312,15448777
2025-12-04,983.7296507402166,988.3531921071142,976.8435431850351,980.9752197265625,14528169
2025-12-05,975.8598190407668,991.5994935414243,974.0891176678615,986.9759521484375,12843366
2025-12-08,983.7296369469886,990.1238795871441,981.2703128546212,986.7791748046875,12901022
2025-12-09,978.7126738119038,986.4841021884776,977.82729309106,980.8768310546875,15294322
2025-12-10,981.2703481612342,982.2540778335763,969.2688341502419,973.6956176757812,15322830
2025-12-11,973.892376646044,986.3857555063869,972.4167821359742,984.0247802734375,11844809
2025-12-12,986.6808557305643,988.3532081724247,981.9589653386773,985.2052612304688,11988618
2025-12-15,975.8597989154725,985.5003373398883,975.8597989154725,979.89306640625,9790060
2025-12-16,973.9906989646398,982.4508099496376,973.9906989646398,978.1223754882812,20049088
2025-12-17,979.7947462128429,979.7947462128429,964.8420432983647,967.989990234375,19080922
2025-12-18,957.464054962666,971.334679033018,957.464054962666,963.7599487304688,14912404
2025-12-19,970.9411706561548,971.9249003123414,962.7762265182249,969.465576171875,25952384
2025-12-22,971.9249286743926,976.745228147207,967.8916609831689,971.6298217773438,13540411
2025-12-23,974.3842218605324,982.647574967353,971.6297908389565,980.3849487304688,17927849
2025-12-24,976.8435431850351,983.1394369666097,976.8435431850351,980.9752197265625,13699996
2025-12-26,979.7947606844748,980.9752483081762,971.6298163538564,975.9581909179688,9360853
2025-12-29,976.9418827381613,981.1719682293385,971.1379138798658,975.564697265625,13545749
2025-12-30,974.0891482066822,978.8110386964976,966.219310709625,974.7777709960938,33155849
2025-12-31,974.8761180311038,981.3687099365719,971.531413084593,975.0728759765625,10963454
2026-01-01,977.3354223369146,981.3195154723957,973.4005036762727,975.023681640625,7132074
2026-01-02,975.0236621058955,986.8775923251652,972.7118614138294,985.3035888671875,11751459
2026-01-05,989.3861276768052,990.0255759869466,960.4152765333309,961.5957641601562,27647379
2026-01-06,947.0365425575541,950.9714611429873,940.445541918535,946.544677734375,31988783
2026-01-07,940.4455758755977,940.8882662408619,930.6082790568153,933.608642578125,52884712
2026-01-08,929.3294156929511,937.4943598087852,926.083119844739,931.296875,21928849
2026-01-09,929.6245460388378,935.1334082207486,918.1148967937476,923.72216796875,38183839
2026-01-12,922.246544668881,926.6733280832916,914.4750564356341,921.7055053710938,21071666
2026-01-13,932.2806373194226,932.2806373194226,917.4262830054705,922.0989990234375,32042827
2026-01-14,914.8685971701506,924.7550683892156,905.2280583696796,910.3926391601562,36688248
2026-01-15,910.3926391601562,910.3926391601562,910.3926391601562,910.3926391601562,0
2026-01-16,906.9987674975428,920.7218085803552,904.2443363942556,915.95068359375,37780235
2026-01-19,920.6726328615482,920.9185652819042,904.5394420693568,912.8027954101562,38191942
2026-01-20,914.1799618930222,919.2953681382725,904.637772173591,916.049072265625,36022727
2026-01-21,909.9499161549952,916.9836070913005,900.6044845836736,905.3755493164062,32766854
2026-01-22,912.9011151422527,913.1962220288154,898.3419283315923,903.75244140625,44444755
2026-01-23,905.0312717738813,911.0319985807623,894.4561781091321,901.1947021484375,30985247
2026-01-27,891.2590997657288,916.0490999795524,890.2753700750383,911.3272094726562,44753093
2026-01-28,917.3279002643548,926.1322926560076,913.2946327089841,917.524658203125,35347138
2026-01-29,914.9669494914904,924.0172745375145,909.310503842987,920.2791137695312,37175628
2026-01-30,914.8685955943554,923.6238136980638,912.6552038308206,914.1307983398438,29691233
2026-02-02,900.1126164754811,914.6718030723491,894.5053455447564,912.9994506835938,28032106
2026-02-03,967.7440559401642,977.8272849855383,929.6245315003357,933.2643432617188,50336968
2026-02-04,937.0024986247718,941.62604002273,932.5265406922532,937.5927124023438,24366770
2026-02-05,940.4455315704454,940.4947060438036,931.2968579683982,934.248046875,28103169
2026-02-06,929.6245335781572,932.674071523322,922.3449100391202,925.7879638671875,18120272
2026-02-09,929.6245151050697,934.5431633331389,920.1315000080592,922.0006103515625,23947829
2026-02-10,914.868578036692,925.5912552799808,914.8194035624206,917.2295532226562,31525385
2026-02-11,916.098249190927,920.7709650928405,910.2450456843219,912.0157470703125,24869804
2026-02-12,911.9174149760892,913.4913584500406,903.5557126812706,905.6215209960938,33872203
2026-02-13,898.1451529282086,913.097855324917,886.3403973585059,889.1932373046875,50188359
2026-02-16,889.1932346170704,914.3766890728148,887.4224732532938,910.7368774414062,18806989
2026-02-17,907.9824677389611,912.9994649414832,903.6540332583628,910.6385498046875,22599629
2026-02-18,908.1792516728873,910.4418179261975,904.5886143276533,909.6548461914062,12738702
2026-02-19,913.8848827326366,914.0816406792112,897.6041683586819,900.702880859375,21209234
2026-02-20,896.1777087970013,902.9162328649714,893.6200357305538,897.0138549804688,22654907
2026-02-23,901.5882362795462,910.5893867142319,900.3585742006053,908.5726928710938,23270122
2026-02-24,912.8519465614362,912.8519465614362,894.3578410316289,895.6858520507812,31313985
2026-02-25,895.7350222932594,901.0963609031212,888.4062243801156,892.8330078125,27884303
2026-02-26,897.1614323550999,897.1614323550999,880.4380284625158,883.9794311523438,41165937
2026-02-27,883.9794733683615,884.3238147843207,870.6007736322075,873.3060302734375,34620755
2026-03-02,861.9439110956672,873.3059762779105,857.3695443137591,865.0918579101562,38378924
2026-03-04,834.202743374385,864.993469417403,834.202743374385,854.5167846679688,39862322
2026-03-05,859.6321193633155,867.0593261570968,849.4505416361635,863.4686889648438,31324582
2026-03-06,853.9264946975441,857.5171318697022,841.1871839599715,843.10546875,34439647
2026-03-09,811.5769775858611,828.7430723323081,808.1339237415574,827.0215454101562,35592613
2026-03-10,836.2193641547399,842.8595391904452,826.923107096334,835.629150390625,52866024
2026-03-11,831.2515482012323,835.0388833093358,814.1346283989498,820.38134765625,42261076
2026-03-12,806.7566625998296,822.7915039414563,806.7566625998296,819.2008666992188,46107561
2026-03-13,806.6583423777922,810.3965031755142,798.7885048911796,803.7071533203125,41700464
2026-03-16,803.7071599773169,830.7597265616207,802.3791489072894,826.9231567382812,52182605
2026-03-17,833.907625869114,835.0881134427475,821.5125964091002,831.5958251953125,38826979
2026-03-18,831.5958180920426,833.0222380629118,818.0695356894909,829.333251953125,23507063
2026-03-19,757.4718247668609,802.3791069663046,757.4718247668609,785.2130126953125,171637393
2026-03-20,772.2277890336613,780.8354236248008,765.5384393026802,767.7518310546875,103129469
2026-03-23,750.7333447737776,756.1930326018271,728.9928823726722,732.04248046875,72341738
2026-03-24,742.7158864237038,760.1770877270425,735.5346719806084,752.454833984375,61269986
2026-03-25,755.7011518436857,781.8683373030494,755.7011518436857,769.5717163085938,59230640
2026-03-27,760.6197661066401,762.2921184952538,742.2731843894259,743.8963623046875,65485199
2026-03-30,733.0753333889118,738.7809532430898,714.8271607333363,719.6473999023438,103500135
2026-04-01,730.9111370884557,743.6012737142313,727.0745673991486,730.17333984375,78862761
2026-04-02,718.1226435138951,742.7158847301245,714.8271732077576,738.6826171875,49310300
2026-04-06,746.6508105088765,760.1770933079504,732.8785952952741,758.45556640625,42976659
2026-04-07,753.5368922732654,761.4067292682865,748.6182441513773,759.4392700195312,51309793
2026-04-08,786.9837533249241,804.4941298279846,783.0488345582994,802.82177734375,70269512
2026-04-09,801.7397031581198,805.674621946626,780.1959987742106,784.72119140625,48879392
2026-04-10,790.9186649096054,799.0344347920734,787.9674758614352,797.1161499023438,38156026
2026-04-13,778.6220116333144,785.5081191272287,774.5395096022282,781.7699584960938,47549328
2026-04-15,791.8531825431569,801.5428954413671,790.9186273804953,796.72265625,39769515
2026-04-16,804.6908427624061,806.7074765090769,779.3106301457999,782.5077514648438,62861293
2026-04-17,777.2447773125524,790.8694690755784,775.3757269911107,786.8853759765625,37282544
2026-04-20,784.130869340026,796.7718311959621,777.146412936798,782.5077514648438,52148044
2026-04-21,782.2618278432276,801.6413139109341,782.2618278432276,798.5425415039062,49135752
2026-04-22,796.8210214869076,799.8213849297669,785.0162656130275,786.8853759765625,23876412
2026-04-23,779.1138736217773,783.6882404572269,769.7684420568696,771.5883178710938,37677616
2026-04-24,764.6530532653331,774.7854567622786,764.3579463755373,772.0802001953125,27720358
2026-04-27,774.6870798664892,780.0975928052393,772.227755803421,776.9496459960938,18115375
2026-04-28,772.2277766082829,781.5732082997206,765.6367759332712,769.817626953125,35366803
2026-04-29,772.7196209849993,777.1464043006358,764.7022005187322,766.3253784179688,25799963
2026-04-30,757.4718126650201,766.1286213727735,749.847908057028,759.1441650390625,47998755
2026-05-01,759.1441650390625,759.1441650390625,759.1441650390625,759.1441650390625,0
2026-05-04,760.0295232783589,773.8017387354295,760.0295232783589,766.7189331054688,29028060
2026-05-05,761.8002432312857,764.2595672860843,751.2743242683289,759.734375,38887657
2026-05-06,762.5380651832903,785.9508189360297,760.9148872376333,783.58984375,35530831
2026-05-07,781.0813276889071,788.5084744009563,775.7199891869062,783.0979614257812,46137553
2026-05-08,771.2440360478325,775.9167518274592,764.5546865191014,768.145263671875,38016841
2026-05-11,759.3901026416063,762.2428825536997,749.5036318326614,751.2251586914062,41123422
2026-05-12,744.2898305325124,747.3394284783378,735.6330216051203,738.2399291992188,43937132
2026-05-13,739.7647228184694,747.5853858194506,735.1903557682459,737.4037475585938,28960919
2026-05-14,738.7810009702333,765.6368096362314,734.846082190099,757.0291748046875,50992358
2026-05-15,760.4230253238243,769.1782432932904,752.9467039429112,755.0125122070312,24347873
2026-05-18,746.6507839481793,761.5050772404568,739.1252283144738,756.143798828125,29812079
2026-05-19,754.2255287138954,758.2587962302428,747.8804605130283,750.044677734375,40307830
2026-05-20,747.2410491475586,749.8479568451309,742.8635000569833,747.1427001953125,24013451
2026-05-21,754.5206547496631,755.7503168336749,742.8634822100684,746.7984008789062,34664725
2026-05-22,746.7984174780529,762.390509033052,746.7984174780529,754.3239135742188,25604071
2026-05-25,763.3742255318324,775.0313981291084,762.5872538025895,774.0476684570312,26043952
2026-05-26,771.2932224692265,777.9825721015808,764.1120080103449,766.22705078125,31528062
2026-05-27,756.9799611769273,761.3083956280444,744.584991677417,746.3065185546875,63680153
2026-05-28,746.3065185546875,746.3065185546875,746.3065185546875,746.3065185546875,0
2026-05-29,733.9115075895189,748.1264133157719,725.7465633447872,732.4359130859375,101299431
2026-06-01,736.8135126590627,740.1089829912345,727.1729740345589,730.6160278320312,47996441
2026-06-02,725.0087855549667,741.3386744827858,721.2214502442791,736.0757446289062,47314447
2026-06-03,732.3375535846441,744.5849997963322,730.5176176978582,741.3878784179688,36109480
2026-06-04,736.9610714527732,744.9784318589446,732.8785694984622,741.9288940429688,42673538
2026-06-05,741.6829610502508,746.355676758121,732.5342875674706,734.8952026367188,22116568
2026-06-08,725.9925096938186,729.4355636015806,722.5494557860566,726.6319580078125,21550700
2026-06-09,727.4189306755471,731.8457142768752,720.3852393810432,726.3367919921875,38539563
2026-06-10,724.5169081730804,743.6504624272108,724.418559222074,734.698486328125,44458159
2026-06-11,730.9111639255492,743.699649970007,728.0583237911012,732.485107421875,32632007
2026-06-12,742.4207572291352,761.8494172504803,740.8467538097462,759.8819580078125,36088159
2026-06-15,777.1464134002696,780.5894671305239,762.980682607529,764.7022094726562,39990334
2026-06-16,767.8010209255166,774.8838866823837,766.7681167622869,772.1294555664062,27820970
2026-06-17,774.8346784396643,781.376444549763,770.3586605239058,774.2935791015625,32405604
2026-06-18,773.7033792240301,789.8857441736253,773.4082723338255,786.0,41492071
2026-06-19,788.7000122070312,789.0499877929688,776.2000122070312,779.7999877929688,33798761
2026-06-22,789.9000244140625,789.9000244140625,783.0999755859375,786.4000244140625,25194765
2026-06-23,783.0499877929688,790.9000244140625,772.5499877929688,774.6500244140625,28289062
2026-06-24,773.0,794.9000244140625,772.6500244140625,793.2000122070312,34701292
2026-06-25,798.5,804.4500122070312,794.75,796.2999877929688,46707966
2026-06-26,796.2999877929688,796.2999877929688,796.2999877929688,796.2999877929688,0
2026-06-29,800.0,805.9000244140625,793.2999877929688,798.9000244140625,46695977
2026-06-30,806.0999755859375,806.0999755859375,792.75,797.9500122070312,45778356
2026-07-01,793.5,802.25,793.5,796.1500244140625,26094378
2026-07-02,795.0,805.4500122070312,794.0,795.9000244140625,34143823
2026-07-03,803.0,807.0,798.5499877929688,801.0499877929688,25871958
2026-07-06,805.0,831.5,805.0,829.8499755859375,63203327
2026-07-07,843.0,843.0,826.0999755859375,829.2999877929688,57611729
2026-07-08,825.9000244140625,834.3499755859375,806.9500122070312,810.2999877929688,38754632
2026-07-09,813.0,822.8499755859375,812.2999877929688,817.5499877929688,39891798
2026-07-10,824.0,827.7000122070312,820.2999877929688,824.9500122070312,23595785
2026-07-13,817.0,821.9500122070312,811.0,817.9500122070312,21741736
2026-07-14,811.4000244140625,818.4000244140625,807.0,809.4000244140625,25605395
2026-07-15,811.0,819.7000122070312,809.7000122070312,815.4500122070312,21488739
2026-07-16,814.5,818.0,806.5,808.2999877929688,18698186
2026-07-17,810.0,823.7000122070312,808.5,819.5999755859375,17415322
2026-07-20,790.0,790.0,774.5499877929688,777.5999755859375,56061789
2026-07-21,769.1500244140625,772.5,760.0999755859375,761.4500122070312,42246009
2026-07-22,760.25,761.3499755859375,750.3499755859375,753.1500244140625,23385446
2026-07-23,749.4000244140625,751.0,743.25,747.25,32532090
2026-07-24,738.5,748.25,737.25,742.7999877929688,23837859
2026-07-27,746.0999755859375,747.9500122070312,738.0999755859375,739.5499877929688,29678752
2026-07-28,732.0,740.25,732.0,735.4000244140625,33886037
2026-07-29,743.0,751.25,740.7999877929688,748.2000122070312,20460659
2026-07-30,752.7999877929688,757.9000244140625,745.5,753.9500122070312,35844392
2026-07-31,753.9500122070312,757.5499877929688,747.2000122070312,748.1500244140625,25522483
2026-08-03,753.0499877929688,756.8499755859375,750.0499877929688,753.0,14827841
2026-08-04,753.2000122070312,753.2000122070312,738.0,742.0,31559802
2026-08-05,733.7999877929688,741.9500122070312,732.5999755859375,735.0,60050538
2026-08-06,739.0,740.5,733.5499877929688,734.2999877929688,44772122
2026-08-07,733.0,736.0,728.2000122070312,731.0,19382042
2026-08-10,731.5,737.5499877929688,728.5,731.0,23660590
2026-08-11,730.5,730.8499755859375,726.5499877929688,729.0,29154365
2026-08-12,729.0,730.6500244140625,722.0,729.0,26993177
2026-08-13,726.9000244140625,729.0,724.5,725.0,22129893
2026-08-14,725.0,729.5999755859375,723.5,727.0,20364131
2026-08-17,727.0499877929688,732.0999755859375,724.5,729.0,14823722
2026-08-18,726.2999877929688,729.0,723.0,723.0,17916507
2026-08-19,724.0,725.4000244140625,715.0999755859375,720.0,21342651
2026-08-20,725.5,728.2999877929688,724.2999877929688,725.0499877929688,17603805
2026-08-21,728.2999877929688,732.7999877929688,726.5999755859375,726.9500122070312,26029811
2026-08-24,732.5,734.4000244140625,724.0999755859375,729.0,11408345
2026-08-25,726.5999755859375,728.7000122070312,722.0,727.5,17511874
2026-08-26,728.0,731.0,724.1500244140625,727.2000122070312,21156463
2026-08-27,728.1500244140625,728.1500244140625,710.0,711.0,46515020
2026-08-28,710.8499755859375,720.2999877929688,707.0,720.2999877929688,16494301
2026-08-31,723.0499877929688,739.75,704.1500244140625,709.0,78157067
2026-09-01,705.0499877929688,715.4500122070312,698.5,711.9000244140625,44417092
2026-09-02,702.2999877929688,705.6500244140625,700.0,700.7999877929688,36950338
2026-09-03,705.0,712.5999755859375,705.0,706.6500244140625,27770641
2026-09-04,708.3499755859375,716.5,708.3499755859375,712.0999755859375,14488024
2026-09-07,712.0999755859375,713.0,707.0499877929688,710.5,12180390
2026-09-08,707.0999755859375,708.9000244140625,703.0,703.0,19883515
2026-09-09,698.0,700.0,687.0999755859375,687.0999755859375,39173990
2026-09-10,687.0999755859375,694.5,686.2000122070312,693.7999877929688,27108053
2026-09-11,683.9000244140625,709.0,681.9000244140625,708.25,31411934
2026-09-14,708.25,708.25,708.25,708.25,0
2026-09-15,722.4000244140625,730.75,715.0499877929688,716.5499877929688,50387632
2026-09-16,714.9000244140625,725.4000244140625,710.8499755859375,721.5,27476943
2026-09-17,717.5,719.4000244140625,713.0,713.0,21543303
2026-09-18,715.25,733.7999877929688,715.25,731.0,39400710
2026-09-21,731.0,742.6500244140625,729.0499877929688,739.5,35482683
2026-09-22,738.8499755859375,749.2999877929688,738.5999755859375,738.5999755859375,35483669
2026-09-23,735.6500244140625,742.7999877929688,734.0,737.25,23197231
2026-09-24,725.0,734.8499755859375,722.7000122070312,728.9000244140625,29575194
2026-09-25,723.0,739.6500244140625,723.0,735.5999755859375,19853034
2026-09-28,731.5999755859375,733.0,718.0999755859375,719.0499877929688,21675579
2026-09-29,713.7000122070312,722.7000122070312,706.25,722.7000122070312,42755901
2026-09-30,711.5,720.2999877929688,708.7000122070312,708.7000122070312,39365496
2026-10-01,708.4000244140625,721.2999877929688,707.0999755859375,721.2000122070312,37389857
